Veh_value,Severity_sum,Severity_mean,Severity_min,Severity_max,Severity_count,Pure_Premium_sum,Pure_Premium_mean,Pure_Premium_min,Pure_Premium_max,Pure_Premium_count,claims_Frequency_sum,claims_Frequency_mean,claims_Frequency_min,claims_Frequency_max,claims_Frequency_count,Pure_Premium_sum,Pure_Premium_mean,Pure_Premium_min,Pure_Premium_max,Pure_Premium_count,Pure_Premium_sum,Pure_Premium_mean,Pure_Premium_min,Pure_Premium_max,Pure_Premium_count,Exposure_sum,Exposure_mean,Exposure_min,Exposure_max,Exposure_count,Claims_cost_sum,Claims_cost_mean,Claims_cost_min,Claims_cost_max,Claims_cost_count,Number_of_recorded_claims_sum,Number_of_recorded_claims_mean,Number_of_recorded_claims_min,Number_of_recorded_claims_max,Number_of_recorded_claims_count
1800.0,0.0,0.0,0.0,0.0,8,0.0,0.0,0.0,0.0,8,0.0,0.0,0.0,0.0,8,0.0,0.0,0.0,0.0,8,0.0,0.0,0.0,0.0,8,2.135523615,0.266940451875,0.049281314,0.462696783,8,0.0,0.0,0.0,0.0,8,0,0.0,0,0,8
1900.0,0.0,0.0,0.0,0.0,13,0.0,0.0,0.0,0.0,13,0.0,0.0,0.0,0.0,13,0.0,0.0,0.0,0.0,13,0.0,0.0,0.0,0.0,13,9.0403833,0.6954141,0.314852841,0.895277207,13,0.0,0.0,0.0,0.0,13,0,0.0,0,0,13
2000.0,0.0,0.0,0.0,0.0,5,0.0,0.0,0.0,0.0,5,0.0,0.0,0.0,0.0,5,0.0,0.0,0.0,0.0,5,0.0,0.0,0.0,0.0,5,1.237508557,0.2475017114,0.030116359,0.459958932,5,0.0,0.0,0.0,0.0,5,0,0.0,0,0,5
2100.0,0.0,0.0,0.0,0.0,5,0.0,0.0,0.0,0.0,5,0.0,0.0,0.0,0.0,5,0.0,0.0,0.0,0.0,5,0.0,0.0,0.0,0.0,5,1.754962354,0.35099247079999996,0.062970568,0.862422998,5,0.0,0.0,0.0,0.0,5,0,0.0,0,0,5
2200.0,2882.0,64.04444444444445,0.0,1458.0,45,4288.0,95.28888888888889,0.0,1528.0,45,6.904575355368477,0.15343500789707726,0.0,2.5541958013245667,45,4288.0,95.28888888888889,0.0,1528.0,45,4288.0,95.28888888888889,0.0,1528.0,45,27.753593429,0.6167465206444445,0.052019165,0.999315537,45,3586.6354535,79.70301007777778,0.0,1457.959999,45,5,0.1111111111111111,0,2,45
2300.0,0.0,0.0,0.0,0.0,5,0.0,0.0,0.0,0.0,5,0.0,0.0,0.0,0.0,5,0.0,0.0,0.0,0.0,5,0.0,0.0,0.0,0.0,5,2.480492813,0.4960985626,0.251882272,0.892539357,5,0.0,0.0,0.0,0.0,5,0,0.0,0,0,5
2400.0,200.0,8.0,0.0,200.0,25,217.0,8.68,0.0,217.0,25,1.0838278934846244,0.043353115739384974,0.0,1.0838278934846244,25,217.0,8.68,0.0,217.0,25,217.0,8.68,0.0,217.0,25,10.910335387,0.43641341548,0.002737851,0.922655715,25,200.0,8.0,0.0,200.0,25,1,0.04,0,1,25
2500.0,0.0,0.0,0.0,0.0,6,0.0,0.0,0.0,0.0,6,0.0,0.0,0.0,0.0,6,0.0,0.0,0.0,0.0,6,0.0,0.0,0.0,0.0,6,1.67008898,0.27834816333333334,0.010951403,0.473648186,6,0.0,0.0,0.0,0.0,6,0,0.0,0,0,6
2600.0,0.0,0.0,0.0,0.0,25,0.0,0.0,0.0,0.0,25,0.0,0.0,0.0,0.0,25,0.0,0.0,0.0,0.0,25,0.0,0.0,0.0,0.0,25,7.493497607,0.29973990428,0.005475702,0.887063655,25,0.0,0.0,0.0,0.0,25,0,0.0,0,0,25
2700.0,1951.0,60.96875,0.0,1951.0,32,7126.0,222.6875,0.0,7126.0,32,3.652499996174007,0.11414062488043772,0.0,3.652499996174007,32,7126.0,222.6875,0.0,7126.0,32,7126.0,222.6875,0.0,7126.0,32,15.772758386,0.4928986995625,0.03559206,0.977412731,32,1951.039997,60.96999990625,0.0,1951.039997,32,1,0.03125,0,1,32
2800.0000000000005,0.0,0.0,0.0,0.0,79,0.0,0.0,0.0,0.0,79,0.0,0.0,0.0,0.0,79,0.0,0.0,0.0,0.0,79,0.0,0.0,0.0,0.0,79,34.841889121,0.44103657115189876,0.005475702,0.952772074,79,0.0,0.0,0.0,0.0,79,0,0.0,0,0,79
2900.0,200.0,2.1739130434782608,0.0,200.0,92,1044.0,11.347826086956522,0.0,1044.0,92,5.217857145559248,0.056715838538687474,0.0,5.217857145559248,92,1044.0,11.347826086956522,0.0,1044.0,92,1044.0,11.347826086956522,0.0,1044.0,92,31.559206024999998,0.3430348480978261,0.002737851,0.999315537,92,200.0,2.1739130434782608,0.0,200.0,92,1,0.010869565217391304,0,1,92
3000.0,2073.0,25.28048780487805,0.0,1873.0,82,5646.0,68.85365853658537,0.0,5105.0,82,5.4313018222408465,0.06623538807610789,0.0,2.7257462647613404,82,5646.0,68.85365853658537,0.0,5105.0,82,5646.0,68.85365853658537,0.0,5105.0,82,26.102669407,0.3183252366707317,0.002737851,0.991101985,82,2072.8099979999997,25.27817070731707,0.0,1872.809998,82,2,0.024390243902439025,0,1,82
3100.0,10025.0,45.77625570776256,0.0,2717.0,219,198175.0,904.9086757990867,0.0,124048.0,219,148.48796859307905,0.678027253849676,0.0,45.6562506192129,219,198175.0,904.9086757990867,0.0,124048.0,219,198175.0,904.9086757990867,0.0,124048.0,219,85.697467494,0.39131263695890406,0.005475702,0.999315537,219,10024.8545243,45.77559143515982,0.0,2717.349991,219,9,0.0410958904109589,0,1,219
3200.0,0.0,0.0,0.0,0.0,5,0.0,0.0,0.0,0.0,5,0.0,0.0,0.0,0.0,5,0.0,0.0,0.0,0.0,5,0.0,0.0,0.0,0.0,5,2.140999316,0.4281998632,0.158795346,0.991101985,5,0.0,0.0,0.0,0.0,5,0,0.0,0,0,5
3400.0000000000005,6460.0,50.07751937984496,0.0,3123.0,129,10196.0,79.03875968992249,0.0,3790.0,129,11.354616493600304,0.08802028289612639,0.0,4.623417725440113,129,10196.0,79.03875968992249,0.0,3790.0,129,10196.0,79.03875968992249,0.0,3790.0,129,57.68104039,0.44713984798449613,0.010951403,0.999315537,129,6459.127270200001,50.07075403255814,0.0,3122.57,129,6,0.046511627906976744,0,1,129
3500.0,5155.0,28.798882681564248,0.0,2319.0,179,8542.0,47.720670391061454,0.0,3830.0,179,13.39774556179665,0.07484774056869638,0.0,2.8096153871980696,179,8542.0,47.720670391061454,0.0,3830.0,179,8542.0,47.720670391061454,0.0,3830.0,179,77.960301175,0.43553240879888266,0.002737851,0.999315537,179,5155.6099935,28.802290466480446,0.0,2319.439995,179,8,0.0446927374301676,0,1,179
3600.0,1448.0,13.045045045045045,0.0,530.0,111,22475.0,202.47747747747746,0.0,21022.0,111,45.33733565397771,0.40844446535115053,0.0,40.58333347199306,111,22475.0,202.47747747747746,0.0,21022.0,111,22475.0,202.47747747747746,0.0,21022.0,111,62.466803563,0.562763996063063,0.005475702,0.999315537,111,1448.1790829000001,13.046658404504505,0.0,530.0,111,4,0.036036036036036036,0,1,111
3700.0,7292.0,26.042857142857144,0.0,1267.0,280,35210.0,125.75,0.0,19139.0,280,41.59951635761966,0.14856970127721308,0.0,18.26249991416625,280,35210.0,125.75,0.0,19139.0,280,35210.0,125.75,0.0,19139.0,280,133.735797411,0.47762784789642854,0.002737851,0.999315537,280,8038.2218072,28.707935025714285,0.0,1492.099999,280,12,0.04285714285714286,0,2,280
3800.0,7327.0,47.270967741935486,0.0,1906.0,155,11768.0,75.92258064516129,0.0,2950.0,155,25.140661724474743,0.1621978175772564,0.0,7.305000019029524,155,11768.0,75.92258064516129,0.0,2950.0,155,11768.0,75.92258064516129,0.0,2950.0,155,97.982203969,0.6321432514129032,0.002737851,0.999315537,155,7326.4299957,47.26729029483871,0.0,1905.559998,155,13,0.08387096774193549,0,1,155
3900.0,16366.0,47.02873563218391,0.0,3214.0,348,28668.0,82.37931034482759,0.0,5045.0,348,40.63969028746289,0.11678071921684739,0.0,4.8700000008279,348,28668.0,82.37931034482759,0.0,5045.0,348,28668.0,82.37931034482759,0.0,5045.0,348,187.430527056,0.5385934685517241,0.002737851,0.999315537,348,16788.1999775,48.24195395833333,0.0,3213.979996,348,20,0.05747126436781609,0,2,348
4000.0,1784.0,16.830188679245282,0.0,632.0,106,9470.0,89.33962264150944,0.0,5600.0,106,29.412200957326235,0.27747359393703996,0.0,15.218749974793944,106,9470.0,89.33962264150944,0.0,5600.0,106,9470.0,89.33962264150944,0.0,5600.0,106,42.737850797,0.40318727166981133,0.002737851,0.982888433,106,1784.0499992,16.83066036981132,0.0,631.8199997,106,5,0.04716981132075472,0,1,106
4100.0,10138.0,26.332467532467533,0.0,3087.0,385,33604.0,87.28311688311689,0.0,10328.0,385,38.475995689249416,0.09993765114090758,0.0,12.594827558737142,385,33604.0,87.28311688311689,0.0,10328.0,385,33604.0,87.28311688311689,0.0,10328.0,385,185.171800144,0.48096571465974025,0.002737851,0.999315537,385,11072.5545265,28.759881887012988,0.0,3087.399994,385,12,0.03116883116883117,0,2,385
4200.0,7574.0,72.82692307692308,0.0,3953.0,104,15496.0,149.0,0.0,10463.0,104,12.28479388500981,0.11812301812509432,0.0,4.682692316382304,104,15496.0,149.0,0.0,10463.0,104,15496.0,149.0,0.0,10463.0,104,45.467488029,0.4371873848942308,0.010951403,0.996577687,104,7574.3399914,72.830192225,0.0,3953.069992,104,6,0.057692307692307696,0,1,104
4300.0,10263.0,39.02281368821293,0.0,3838.0,263,45928.0,174.63117870722434,0.0,25488.0,263,35.87816847023915,0.13641889152182188,0.0,9.611842097042503,263,45928.0,174.63117870722434,0.0,25488.0,263,45928.0,174.63117870722434,0.0,25488.0,263,136.407939773,0.518661367958175,0.016427105,0.999315537,263,11620.0099783,44.182547446007604,0.0,3838.229988,263,12,0.045627376425855515,0,2,263
4400.0,29930.0,77.53886010362694,0.0,4027.0,386,100127.0,259.39637305699483,0.0,33594.0,386,60.696567594922385,0.15724499376922899,0.0,9.131249957083126,386,100127.0,259.39637305699483,0.0,33594.0,386,100127.0,259.39637305699483,0.0,33594.0,386,165.212867917,0.42801261118393785,0.002737851,0.999315537,386,30995.381948000002,80.29891696373058,0.0,4027.189995,386,25,0.06476683937823834,0,2,386
4500.0,21484.0,105.31372549019608,0.0,4110.0,204,72523.0,355.5049019607843,0.0,37073.0,204,32.207330238761905,0.1578790697978525,0.0,10.145833367998264,204,72523.0,355.5049019607843,0.0,37073.0,204,72523.0,355.5049019607843,0.0,37073.0,204,93.911019847,0.460348136504902,0.008213552,0.999315537,204,21483.3635799,105.31060578382353,0.0,4109.649994,204,13,0.06372549019607843,0,1,204
4600.0,23856.0,61.012787723785166,0.0,4191.0,391,63364.0,162.05626598465474,0.0,19625.0,391,59.57812754501787,0.15237372773661859,0.0,13.04464286389812,391,63364.0,162.05626598465474,0.0,19625.0,391,63364.0,162.05626598465474,0.0,19625.0,391,189.678302546,0.48511074819948846,0.002737851,0.999315537,391,24191.3299553,61.87040909283888,0.0,4191.479981,391,22,0.056265984654731455,0,2,391
4700.0,5818.0,42.15942028985507,0.0,2004.0,138,27571.0,199.78985507246378,0.0,15249.0,138,21.853831297779337,0.15836109636071982,0.0,7.609374987396972,138,27571.0,199.78985507246378,0.0,15249.0,138,27571.0,199.78985507246378,0.0,15249.0,138,60.131416847,0.43573490468840576,0.002737851,0.999315537,138,5817.9099971,42.15876809492753,0.0,2003.869999,138,6,0.043478260869565216,0,1,138
4800.0,9674.0,72.19402985074628,0.0,4241.0,134,17034.0,127.11940298507463,0.0,8284.0,134,19.81181922151884,0.1478493971755137,0.0,8.301136338402797,134,17034.0,127.11940298507463,0.0,8284.0,134,17034.0,127.11940298507463,0.0,8284.0,134,72.813141688,0.5433816543880597,0.008213552,0.999315537,134,10099.8599899,75.37208947686567,0.0,4241.359993,134,10,0.07462686567164178,0,2,134
4900.0,2704.0,79.52941176470588,0.0,1109.0,34,8138.0,239.35294117647058,0.0,5927.0,34,8.823663166157187,0.2595195048869761,0.0,6.40789473136167,34,8138.0,239.35294117647058,0.0,5927.0,34,8138.0,239.35294117647058,0.0,5927.0,34,17.650924023,0.5191448242058824,0.013689254,0.982888433,34,2704.7390802,79.55114941764705,0.0,1109.049999,34,3,0.08823529411764706,0,1,34
5000.0,28053.0,118.86864406779661,0.0,4395.0,236,106782.0,452.46610169491527,0.0,39666.0,236,74.54971493333997,0.31588862259889816,0.0,18.26249991416625,236,106782.0,452.46610169491527,0.0,39666.0,236,106782.0,452.46610169491527,0.0,39666.0,236,104.681724857,0.44356663075,0.002737851,0.999315537,236,28053.870121,118.87233102118644,0.0,4394.500168,236,20,0.0847457627118644,0,1,236
5100.0,11192.0,68.2439024390244,0.0,4283.0,164,18384.0,112.09756097560975,0.0,9901.0,164,7.771312518980248,0.04738605194500151,0.0,2.3117088627200566,164,18384.0,112.09756097560975,0.0,9901.0,164,18384.0,112.09756097560975,0.0,9901.0,164,82.108145117,0.500659421445122,0.010951403,0.985626283,164,11190.6999874,68.23597553292683,0.0,4282.539993,164,5,0.03048780487804878,0,1,164
5200.0,9649.0,87.71818181818182,0.0,4133.0,110,53788.0,488.9818181818182,0.0,23962.0,110,30.472130932209893,0.27701937211099903,0.0,14.609999931333,110,53788.0,488.9818181818182,0.0,23962.0,110,53788.0,488.9818181818182,0.0,23962.0,110,50.277891859,0.4570717441727273,0.002737851,0.999315537,110,10450.589978,95.00536343636364,0.0,4132.639984,110,9,0.08181818181818182,0,2,110
5300.0,17909.0,93.76439790575917,0.0,4790.0,191,45904.0,240.33507853403142,0.0,12137.0,191,21.10935168212284,0.11052016587498868,0.0,6.5223214319490594,191,45904.0,240.33507853403142,0.0,12137.0,191,45904.0,240.33507853403142,0.0,12137.0,191,86.663928822,0.4537378472356021,0.002737851,0.996577687,191,17909.7535936,93.76834342198953,0.0,4790.449982,191,9,0.04712041884816754,0,1,191
5400.0,23166.0,88.41984732824427,0.0,4003.0,262,83225.0,317.6526717557252,0.0,38386.0,262,61.39234308254335,0.23432192016237918,0.0,17.39285700060842,262,83225.0,317.6526717557252,0.0,38386.0,262,83225.0,317.6526717557252,0.0,38386.0,262,104.969199193,0.40064579844656484,0.002737851,0.999315537,262,23635.1736144,90.21058631450381,0.0,4003.0,262,19,0.07251908396946564,0,2,262
5500.0,11770.0,71.76829268292683,0.0,4652.0,164,63413.0,386.6646341463415,0.0,47198.0,164,27.298917801495932,0.16645681586278008,0.0,10.145833367998264,164,63413.0,386.6646341463415,0.0,47198.0,164,63413.0,386.6646341463415,0.0,47198.0,164,68.134154689,0.4154521627378049,0.002737851,0.999315537,164,11768.679967200002,71.76024370243903,0.0,4651.61998,164,8,0.04878048780487805,0,1,164
5600.000000000001,3192.0,51.483870967741936,0.0,2838.0,62,8141.0,131.30645161290323,0.0,6688.0,62,6.460384198125528,0.1041997451310569,0.0,4.103932585191895,62,8141.0,131.30645161290323,0.0,6688.0,62,8141.0,131.30645161290323,0.0,6688.0,62,30.789869955,0.49661080572580646,0.002737851,0.999315537,62,3191.489994,51.47564506451613,0.0,2837.719994,62,2,0.03225806451612903,0,1,62
5699.999999999999,1327.0,13.68041237113402,0.0,667.0,97,2217.0,22.855670103092784,0.0,982.0,97,7.266401784777814,0.07491135860595685,0.0,3.445754722157891,97,2217.0,22.855670103092784,0.0,982.0,97,2217.0,22.855670103092784,0.0,982.0,97,42.518822729,0.43833837864948455,0.002737851,0.999315537,97,1327.4999950000001,13.685566958762887,0.0,667.1199989,97,4,0.041237113402061855,0,1,97
5800.0,17872.0,137.47692307692307,0.0,4917.0,130,61052.0,469.6307692307692,0.0,27304.0,130,37.15990193624753,0.28584539950959637,0.0,7.454081608731545,130,61052.0,469.6307692307692,0.0,27304.0,130,61052.0,469.6307692307692,0.0,27304.0,130,54.688569473,0.42068130363846157,0.002737851,0.999315537,130,19921.8499845,153.24499988076923,0.0,4916.679993,130,13,0.1,0,3,130
5900.0,16496.0,151.3394495412844,0.0,5558.0,109,358987.0,3293.4587155963304,0.0,338343.0,109,71.53434180622895,0.656278365194761,0.0,60.87499897273439,109,358987.0,3293.4587155963304,0.0,338343.0,109,358987.0,3293.4587155963304,0.0,338343.0,109,46.576317593,0.4273056659908257,0.002737851,0.969199179,109,20630.7399625,189.27284369266056,0.0,5820.539993,109,8,0.07339449541284404,0,2,109
6000.0,19398.0,83.61206896551724,0.0,5977.0,232,47643.0,205.35775862068965,0.0,19143.0,232,24.148459736907114,0.10408818852115136,0.0,6.8271028089384,232,47643.0,205.35775862068965,0.0,19143.0,232,47643.0,205.35775862068965,0.0,19143.0,232,114.425735814,0.4932143785086207,0.002737851,0.999315537,232,25508.5599421,109.95068940560346,0.0,6610.219994,232,13,0.05603448275862069,0,2,232
6100.0,16150.0,130.24193548387098,0.0,5829.0,124,290741.0,2344.685483870968,0.0,266130.0,124,68.76001290789007,0.5545162331281458,0.0,45.6562506192129,124,290741.0,2344.685483870968,0.0,266130.0,124,290741.0,2344.685483870968,0.0,266130.0,124,58.258726906,0.4698284427903226,0.008213552,0.999315537,124,16889.1999623,136.20322550241937,0.0,5828.62999,124,11,0.08870967741935484,0,2,124
6200.0,10466.0,71.19727891156462,0.0,4368.0,147,38918.0,264.7482993197279,0.0,16599.0,147,30.002851217668756,0.2041010286916242,0.0,15.54255319091065,147,38918.0,264.7482993197279,0.0,16599.0,147,38918.0,264.7482993197279,0.0,16599.0,147,61.004791243,0.41499857988435374,0.005475702,0.999315537,147,11531.969971,78.44877531292518,0.0,4368.299988,147,10,0.06802721088435375,0,2,147
6300.0,611.0,11.75,0.0,411.0,52,762.0,14.653846153846153,0.0,554.0,52,2.3883842693331205,0.045930466717944624,0.0,1.347785978427987,52,762.0,14.653846153846153,0.0,554.0,52,762.0,14.653846153846153,0.0,554.0,52,24.673511297,0.4744906018653846,0.021902806,0.982888433,52,610.9099999,11.748269228846153,0.0,410.9099999,52,2,0.038461538461538464,0,1,52
6400.0,861.0,14.844827586206897,0.0,461.0,58,2689.0,46.36206896551724,0.0,1754.0,58,8.48184470416958,0.14623870179602724,0.0,3.804687493698486,58,2689.0,46.36206896551724,0.0,1754.0,58,2689.0,46.36206896551724,0.0,1754.0,58,19.091033541999998,0.3291557507241379,0.005475702,0.996577687,58,861.0899992,14.846379296551724,0.0,461.0899992,58,3,0.05172413793103448,0,1,58
6500.0,17643.0,90.94329896907216,0.0,6048.0,194,85249.0,439.42783505154637,0.0,25308.0,194,58.491211197099126,0.3015010886448409,0.0,19.223684194085006,194,85249.0,439.42783505154637,0.0,25308.0,194,85249.0,439.42783505154637,0.0,25308.0,194,85.278576328,0.4395802903505155,0.002737851,0.999315537,194,17844.0408657,91.97959209123712,0.0,6048.459992,194,14,0.07216494845360824,0,2,194
6600.0,26190.0,129.01477832512316,0.0,6378.0,203,133139.0,655.8571428571429,0.0,80394.0,203,38.24667459060333,0.18840726399311983,0.0,13.04464286389812,203,133139.0,655.8571428571429,0.0,80394.0,203,133139.0,655.8571428571429,0.0,80394.0,203,84.172484616,0.4146427813596059,0.005475702,0.999315537,203,26189.9054014,129.01431232216748,0.0,6377.719986,203,11,0.054187192118226604,0,1,203
6700.0,11862.0,81.80689655172414,0.0,5786.0,145,62310.0,429.7241379310345,0.0,47044.0,145,31.61318429318965,0.21802196064268725,0.0,18.26249991416625,145,62310.0,429.7241379310345,0.0,47044.0,145,62310.0,429.7241379310345,0.0,47044.0,145,56.62422998,0.39051193089655173,0.005475702,0.991101985,145,11861.569984000002,81.80393092413794,0.0,5786.259995,145,5,0.034482758620689655,0,1,145
6800.000000000001,15849.0,72.0409090909091,0.0,3835.0,220,36397.0,165.4409090909091,0.0,16100.0,220,26.7275194061964,0.12148872457362,0.0,4.198275852912381,220,36397.0,165.4409090909091,0.0,16100.0,220,36397.0,165.4409090909091,0.0,16100.0,220,96.432580427,0.43832991103181823,0.008213552,0.977412731,220,15848.4299862,72.03831811909092,0.0,3834.939995,220,13,0.05909090909090909,0,1,220
6899.999999999999,19445.0,83.0982905982906,0.0,4326.0,234,347104.0,1483.3504273504273,0.0,190974.0,234,101.20763915450651,0.43251127843806203,0.0,52.17857009429085,234,347104.0,1483.3504273504273,0.0,190974.0,234,347104.0,1483.3504273504273,0.0,190974.0,234,86.543463396,0.3698438606666667,0.002737851,0.999315537,234,19444.799947800002,83.09743567435898,0.0,4326.489975,234,12,0.05128205128205128,0,1,234
7000.0,58153.0,169.54227405247812,0.0,6965.0,343,406453.0,1184.9941690962098,0.0,281869.0,343,107.59581622847554,0.3136904263220861,0.0,52.17857009429085,343,406453.0,1184.9941690962098,0.0,281869.0,343,406453.0,1184.9941690962098,0.0,281869.0,343,168.733744024,0.49193511377259475,0.002737851,0.999315537,343,66628.1743973,194.25123730991254,0.0,11117.23997,343,26,0.07580174927113703,0,2,343
7100.0,36573.0,71.15369649805447,0.0,6354.0,514,117577.0,228.74902723735408,0.0,27957.0,514,91.33702235005568,0.17769848706236513,0.0,15.218749974793944,514,117577.0,228.74902723735408,0.0,27957.0,514,117577.0,228.74902723735408,0.0,27957.0,514,221.90006847,0.4317121954669261,0.002737851,0.999315537,514,38798.5681277,75.48359557918288,0.0,6354.12999,514,30,0.058365758754863814,0,3,514
7200.0,33052.0,115.1637630662021,0.0,6794.0,287,94087.0,327.8292682926829,0.0,35051.0,287,68.88755841246292,0.24002633593192657,0.0,17.39285700060842,287,94087.0,327.8292682926829,0.0,35051.0,287,94087.0,327.8292682926829,0.0,35051.0,287,130.119096521,0.45337664293031354,0.002737851,0.999315537,287,37031.0526752,129.02805810174218,0.0,6794.419998,287,23,0.08013937282229965,0,3,287
7300.0,34232.0,95.35376044568245,0.0,6133.0,359,94342.0,262.7910863509749,0.0,42491.0,359,54.554859216698695,0.15196339614679302,0.0,12.1749999427775,359,94342.0,262.7910863509749,0.0,42491.0,359,94342.0,262.7910863509749,0.0,42491.0,359,211.184120478,0.5882566030027856,0.002737851,0.999315537,359,34231.8499532,95.35334248802228,0.0,6132.669998,359,23,0.06406685236768803,0,1,359
7400.0,20585.0,81.36363636363636,0.0,4975.0,253,495636.0,1959.0355731225297,0.0,454280.0,253,123.89192802269628,0.48969141510947145,0.0,91.3125012384258,253,495636.0,1959.0355731225297,0.0,454280.0,253,495636.0,1959.0355731225297,0.0,454280.0,253,98.99247093,0.39127458865612647,0.002737851,0.944558522,253,22385.5599727,88.48047420039526,0.0,4974.809998,253,17,0.06719367588932806,0,3,253
7500.0,16998.0,104.92592592592592,0.0,4365.0,162,35321.0,218.03086419753086,0.0,11880.0,162,16.346458715374236,0.1009040661442854,0.0,4.805921048521252,162,35321.0,218.03086419753086,0.0,11880.0,162,35321.0,218.03086419753086,0.0,11880.0,162,78.770705003,0.48623891977160494,0.002737851,0.966461328,162,16996.9718701,104.91957944506171,0.0,4364.541885,162,9,0.05555555555555555,0,1,162
7600.0,38898.0,128.37623762376236,0.0,7015.0,303,74454.0,245.72277227722773,0.0,22280.0,303,31.65015852152089,0.10445596871789073,0.0,3.4135514044692,303,74454.0,245.72277227722773,0.0,22280.0,303,74454.0,245.72277227722773,0.0,22280.0,303,141.987679682,0.46860620357095706,0.002737851,0.999315537,303,38896.2171937,128.37035377458747,0.0,7014.799973,303,18,0.0594059405940594,0,1,303
7700.0,19576.0,46.720763723150355,0.0,6264.0,419,33188.0,79.20763723150358,0.0,8569.0,419,40.451790538567,0.09654365283667543,0.0,19.223684194085006,419,33188.0,79.20763723150358,0.0,8569.0,419,33188.0,79.20763723150358,0.0,8569.0,419,187.030800847,0.4463742263651551,0.002737851,0.999315537,419,21304.4799633,50.846014232219574,0.0,6264.449982,419,17,0.0405727923627685,0,2,419
7800.0,37933.0,129.90753424657535,0.0,7344.0,292,175925.0,602.4828767123288,0.0,107296.0,292,35.958524166400714,0.12314563070685176,0.0,14.609999931333,292,175925.0,602.4828767123288,0.0,107296.0,292,175925.0,602.4828767123288,0.0,107296.0,292,128.073921979,0.4386093218458904,0.002737851,0.996577687,292,41136.119928,140.8771230410959,0.0,7343.859985,292,11,0.03767123287671233,0,2,292
7900.0,21945.0,58.209549071618035,0.0,4151.0,377,47302.0,125.46949602122015,0.0,7735.0,377,44.19764251151376,0.11723512602523545,0.0,3.927419357974311,377,47302.0,125.46949602122015,0.0,7735.0,377,47302.0,125.46949602122015,0.0,7735.0,377,164.11498975,0.435318275198939,0.002737851,0.999315537,377,28104.21997,74.5470025729443,0.0,4150.699997,377,24,0.0636604774535809,0,2,377
8000.0,28131.0,95.03716216216216,0.0,6224.0,296,74617.0,252.08445945945945,0.0,31732.0,296,41.72787073637985,0.14097253627155354,0.0,8.981557377858994,296,74617.0,252.08445945945945,0.0,31732.0,296,74617.0,252.08445945945945,0.0,31732.0,296,146.535249836,0.4950515197162162,0.002737851,0.999315537,296,36626.3199459,123.7375673847973,0.0,10598.42997,296,19,0.06418918918918919,0,3,296
8100.000000000001,27160.0,119.12280701754386,0.0,7196.0,228,57546.0,252.39473684210526,0.0,16635.0,228,43.971895346823175,0.1928591901176455,0.0,11.4140625245224,228,57546.0,252.39473684210526,0.0,16635.0,228,57546.0,252.39473684210526,0.0,16635.0,228,90.433949365,0.3966401287938597,0.002737851,0.999315537,228,27158.2399425,119.11508746710527,0.0,7195.779984,228,17,0.07456140350877193,0,1,228
8200.0,28116.0,69.42222222222222,0.0,7985.0,405,106204.0,262.2320987654321,0.0,51167.0,405,42.321725761633004,0.1044980883003284,0.0,6.40789473136167,405,106204.0,262.2320987654321,0.0,51167.0,405,106204.0,262.2320987654321,0.0,51167.0,405,186.431211511,0.4603239790395061,0.002737851,0.999315537,405,29002.2472146,71.61048694962963,0.0,7984.539993,405,18,0.044444444444444446,0,2,405
8300.0,32094.0,94.11730205278593,0.0,5334.0,341,115410.0,338.4457478005865,0.0,49955.0,341,112.70076860229696,0.3305007876900204,0.0,60.87499897273439,341,115410.0,338.4457478005865,0.0,49955.0,341,115410.0,338.4457478005865,0.0,49955.0,341,180.777549629,0.5301394417272727,0.002737851,0.999315537,341,32094.8299199,94.11973583548387,0.0,5334.089981,341,22,0.06451612903225806,0,1,341
8400.0,22716.0,73.04180064308682,0.0,7796.0,311,75687.0,243.36655948553056,0.0,47458.0,311,43.5958162342078,0.14017947342189005,0.0,11.7822581201968,311,75687.0,243.36655948553056,0.0,47458.0,311,75687.0,243.36655948553056,0.0,47458.0,311,164.681724866,0.5295232310803858,0.002737851,0.985626283,311,23113.5299854,74.3200321073955,0.0,7796.369995,311,17,0.05466237942122187,0,2,311
8500.0,40734.0,149.75735294117646,0.0,7615.0,272,139447.0,512.6727941176471,0.0,41547.0,272,91.70386016087927,0.337146544709115,0.0,45.6562506192129,272,139447.0,512.6727941176471,0.0,41547.0,272,139447.0,512.6727941176471,0.0,41547.0,272,116.57768653,0.4285944357720588,0.002737851,0.955509925,272,41892.349941600005,154.01599243235296,0.0,7614.799988,272,23,0.08455882352941177,0,2,272
8600.0,25186.0,127.84771573604061,0.0,6253.0,197,38460.0,195.2284263959391,0.0,9757.0,197,25.81788352981202,0.13105524634422344,0.0,7.161764713254758,197,38460.0,195.2284263959391,0.0,9757.0,197,38460.0,195.2284263959391,0.0,9757.0,197,108.906228618,0.5528234955228426,0.002737851,0.999315537,197,25903.4145019,131.4894137152284,0.0,6252.753632,197,15,0.07614213197969544,0,2,197
8700.0,22754.0,89.93675889328063,0.0,4780.0,253,55805.0,220.57312252964428,0.0,13621.0,253,39.991815521254814,0.15807041708005856,0.0,7.454081608731545,253,55805.0,220.57312252964428,0.0,13621.0,253,55805.0,220.57312252964428,0.0,13621.0,253,126.297056826,0.49919785306719366,0.002737851,0.999315537,253,24358.6999652,96.2794465027668,0.0,4779.789993,253,17,0.06719367588932806,0,2,253
8800.0,21598.0,69.22435897435898,0.0,7535.0,312,238224.0,763.5384615384615,0.0,196583.0,312,57.358112821706555,0.1838401051977774,0.0,26.08928572779624,312,238224.0,763.5384615384615,0.0,196583.0,312,238224.0,763.5384615384615,0.0,196583.0,312,143.986310759,0.4614945857660256,0.005475702,0.999315537,312,21598.2799548,69.22525626538462,0.0,7534.98999,312,14,0.04487179487179487,0,1,312
8900.0,32378.0,102.78730158730158,0.0,8120.0,315,178796.0,567.6063492063493,0.0,105923.0,315,48.36761788935995,0.1535479932995554,0.0,13.04464286389812,315,178796.0,567.6063492063493,0.0,105923.0,315,178796.0,567.6063492063493,0.0,105923.0,315,136.2902122,0.43266734031746035,0.002737851,0.999315537,315,32377.489945300003,102.78568236603175,0.0,8120.129974,315,16,0.050793650793650794,0,1,315
9000.0,25132.0,97.03474903474904,0.0,8820.0,259,50603.0,195.3783783783784,0.0,17897.0,259,38.888597465079414,0.15014902496169658,0.0,4.8700000008279,259,50603.0,195.3783783783784,0.0,17897.0,259,50603.0,195.3783783783784,0.0,17897.0,259,117.522245054,0.45375384190733586,0.002737851,0.960985626,259,25131.4072443,97.03246040270271,0.0,8819.887268,259,19,0.07335907335907337,0,1,259
9100.0,13939.0,55.31349206349206,0.0,3792.0,252,37008.0,146.85714285714286,0.0,6789.0,252,46.95711296258432,0.18633774985152507,0.0,11.7822581201968,252,37008.0,146.85714285714286,0.0,6789.0,252,37008.0,146.85714285714286,0.0,6789.0,252,99.515400418,0.3949023826111111,0.005475702,0.999315537,252,14469.0636251,57.416919147222224,0.0,3792.449997,252,12,0.047619047619047616,0,2,252
9200.0,37226.0,121.25732899022802,0.0,8347.0,307,251427.0,818.9804560260586,0.0,168928.0,307,212.42974920466312,0.6919535804712154,0.0,182.62498580090733,307,251427.0,818.9804560260586,0.0,168928.0,307,251427.0,818.9804560260586,0.0,168928.0,307,144.232717338,0.4698134115244299,0.005475702,0.999315537,307,42392.6171647,138.086700862215,0.0,10333.89816,307,19,0.06188925081433225,0,2,307
9300.0,45609.0,131.06034482758622,0.0,7751.0,348,74440.0,213.90804597701148,0.0,11650.0,348,39.45216086893422,0.11336827835900638,0.0,3.563414636445178,348,74440.0,213.90804597701148,0.0,11650.0,348,74440.0,213.90804597701148,0.0,11650.0,348,185.374401115,0.5326850606752874,0.002737851,0.999315537,348,49495.9735553,142.22980906695403,0.0,7750.689987,348,28,0.08045977011494253,0,2,348
9400.0,11134.0,57.391752577319586,0.0,4973.0,194,26339.0,135.7680412371134,0.0,16218.0,194,10.951999673261742,0.056453606563204854,0.0,3.2611607159745297,194,26339.0,135.7680412371134,0.0,16218.0,194,26339.0,135.7680412371134,0.0,16218.0,194,83.123887756,0.4284736482268041,0.002737851,0.999315537,194,11135.7399724,57.400721507216495,0.0,4973.019989,194,5,0.02577319587628866,0,1,194
9500.0,54915.0,157.34957020057305,0.0,7132.0,349,91925.0,263.39541547277935,0.0,23150.0,349,45.685240817961436,0.13090326881937375,0.0,3.652499996174007,349,91925.0,263.39541547277935,0.0,23150.0,349,91925.0,263.39541547277935,0.0,23150.0,349,190.855578383,0.5468641214412607,0.005475702,0.999315537,349,55977.8508297,160.39498805071634,0.0,7132.329987,349,31,0.08882521489971347,0,2,349
9600.0,44450.0,157.06713780918727,0.0,8064.0,283,284271.0,1004.4911660777385,0.0,184086.0,283,69.65107702457036,0.2461168799454783,0.0,22.828124788483155,283,284271.0,1004.4911660777385,0.0,184086.0,283,284271.0,1004.4911660777385,0.0,184086.0,283,133.538672164,0.4718680995194346,0.002737851,0.999315537,283,50878.9808235,179.7843845353357,0.0,8766.589981,283,20,0.0706713780918728,0,2,283
9700.0,44287.0,127.26149425287356,0.0,7647.0,348,197057.0,566.2557471264367,0.0,106349.0,348,65.8373363825404,0.18918774822569082,0.0,30.4375004128086,348,197057.0,566.2557471264367,0.0,106349.0,348,197057.0,566.2557471264367,0.0,106349.0,348,148.501026712,0.42672708825287353,0.002737851,0.996577687,348,50634.329933400004,145.50094808448276,0.0,7646.769989,348,20,0.05747126436781609,0,2,348
9800.0,35170.0,143.55102040816325,0.0,9671.0,245,3302060.0,13477.795918367347,0.0,3142976.0,245,457.7356176431618,1.8683086434414766,0.0,365.2499716018147,245,3302060.0,13477.795918367347,0.0,3142976.0,245,3302060.0,13477.795918367347,0.0,3142976.0,245,110.631074611,0.4515554065755102,0.002737851,0.999315537,245,37046.7499363,151.21122422979593,0.0,9670.809967,245,20,0.08163265306122448,0,2,245
9900.0,20661.0,62.99085365853659,0.0,6237.0,328,28068.0,85.57317073170732,0.0,7141.0,328,31.060776340896545,0.09469748884419678,0.0,4.103932585191895,328,28068.0,85.57317073170732,0.0,7141.0,328,28068.0,85.57317073170732,0.0,7141.0,328,153.314168402,0.4674212451280488,0.005475702,0.999315537,328,20659.109977,62.985091393292684,0.0,6236.759995,328,21,0.06402439024390244,0,1,328
10000.0,31584.0,122.4186046511628,0.0,5595.0,258,188565.0,730.8720930232558,0.0,104462.0,258,81.74792218173427,0.3168524115571096,0.0,30.4375004128086,258,188565.0,730.8720930232558,0.0,104462.0,258,188565.0,730.8720930232558,0.0,104462.0,258,101.481177295,0.39333789649224804,0.008213552,0.999315537,258,35069.645421400004,135.92885822248064,0.0,5594.62999,258,23,0.08914728682170543,0,3,258
10100.0,34267.0,101.38165680473372,0.0,9615.0,338,76701.0,226.92603550295857,0.0,25265.0,338,60.82572859762692,0.17995777691605597,0.0,14.610000038059049,338,76701.0,226.92603550295857,0.0,25265.0,338,76701.0,226.92603550295857,0.0,25265.0,338,146.239561969,0.432661425943787,0.002737851,0.991101985,338,34597.614944299996,102.35980752751477,0.0,9615.444977,338,23,0.06804733727810651,0,2,338
10200.0,19787.0,64.24350649350649,0.0,6097.0,308,44358.0,144.0194805194805,0.0,8445.0,308,54.898113185585295,0.1782406272259263,0.0,20.29166673599653,308,44358.0,144.0194805194805,0.0,8445.0,308,44358.0,144.0194805194805,0.0,8445.0,308,133.609856269,0.4337982346396104,0.002737851,0.999315537,308,21883.0199865,71.04876618993507,0.0,6096.87999,308,16,0.05194805194805195,0,2,308
10300.0,25089.0,77.6749226006192,0.0,4946.0,323,71041.0,219.94117647058823,0.0,17676.0,323,72.05829826488852,0.22309070670244124,0.0,10.43571423666643,323,71041.0,219.94117647058823,0.0,17676.0,323,71041.0,219.94117647058823,0.0,17676.0,323,138.316221778,0.4282235968359133,0.002737851,0.999315537,323,25088.0609702,77.6720153876161,0.0,4945.919998,323,23,0.07120743034055728,0,1,323
10400.0,20414.0,82.31451612903226,0.0,9036.0,248,32106.0,129.45967741935485,0.0,15209.0,248,24.981493714971897,0.10073182949585442,0.0,5.891129025392999,248,32106.0,129.45967741935485,0.0,15209.0,248,32106.0,129.45967741935485,0.0,15209.0,248,117.94387407,0.47558013737903226,0.005475702,0.999315537,248,20413.589974,82.31286279838709,0.0,9036.069977,248,13,0.05241935483870968,0,1,248
10500.0,37004.0,109.80415430267063,0.0,9302.0,337,139147.0,412.8991097922849,0.0,90004.0,337,55.07720220887996,0.163433834447715,0.0,10.145833367998264,337,139147.0,412.8991097922849,0.0,90004.0,337,139147.0,412.8991097922849,0.0,90004.0,337,176.325804259,0.5232219710949555,0.002737851,0.999315537,337,38122.7972074,113.12402732166171,0.0,9301.849976,337,25,0.07418397626112759,0,2,337
10600.0,29561.0,93.54746835443038,0.0,7804.0,316,203844.0,645.0759493670886,0.0,150022.0,316,122.048458352812,0.3862292985848481,0.0,40.58333347199306,316,203844.0,645.0759493670886,0.0,150022.0,316,203844.0,645.0759493670886,0.0,150022.0,316,151.164955522,0.47837011241139243,0.002737851,0.999315537,316,29560.2999319,93.54525294905064,0.0,7804.389984,316,24,0.0759493670886076,0,1,316
10700.0,31660.0,111.08771929824562,0.0,6773.0,285,59587.0,209.07719298245615,0.0,13340.0,285,53.46037390002276,0.18758025929832547,0.0,13.527777823997685,285,59587.0,209.07719298245615,0.0,13340.0,285,59587.0,209.07719298245615,0.0,13340.0,285,143.915126639,0.5049653566280702,0.002737851,0.999315537,285,37573.736944,131.8376734877193,0.0,10884.11997,285,24,0.08421052631578947,0,2,285
10800.0,20579.0,118.27011494252874,0.0,5815.0,174,46465.0,267.0402298850575,0.0,12175.0,174,80.95618675558939,0.4652654411240769,0.0,60.87499897273439,174,46465.0,267.0402298850575,0.0,12175.0,174,46465.0,267.0402298850575,0.0,12175.0,174,94.132785775,0.5409930216954023,0.002737851,0.999315537,174,20577.939971800002,118.2640228264368,0.0,5815.119995,174,14,0.08045977011494253,0,1,174
10900.0,16004.0,84.23157894736842,0.0,4380.0,190,31437.0,165.4578947368421,0.0,11530.0,190,20.188699583863006,0.10625631359927898,0.0,3.095338981916327,190,31437.0,165.4578947368421,0.0,11530.0,190,31437.0,165.4578947368421,0.0,11530.0,190,82.450376463,0.4339493498052632,0.002737851,0.999315537,190,17341.6518131,91.27185164789475,0.0,4380.0,190,15,0.07894736842105263,0,2,190
11000.0,31833.0,119.2247191011236,0.0,7737.0,267,92558.0,346.65917602996257,0.0,36525.0,267,211.9471910294241,0.7938097042300528,0.0,182.62498580090733,267,92558.0,346.65917602996257,0.0,36525.0,267,92558.0,346.65917602996257,0.0,36525.0,267,129.185489405,0.4838407842883895,0.002737851,0.999315537,267,33184.7299295,124.28737801310861,0.0,7737.349991,267,21,0.07865168539325842,0,3,267
11100.000000000002,19008.0,80.54237288135593,0.0,10350.0,236,63791.0,270.3008474576271,0.0,31503.0,236,33.35545231951487,0.1413366623708257,0.0,13.527777823997685,236,63791.0,270.3008474576271,0.0,31503.0,236,63791.0,270.3008474576271,0.0,31503.0,236,87.123887757,0.3691690159194915,0.002737851,0.999315537,236,19008.2736138,80.54353226186441,0.0,10350.07999,236,10,0.0423728813559322,0,1,236
11200.000000000002,31448.0,99.83492063492064,0.0,8870.0,315,145838.0,462.97777777777776,0.0,77137.0,315,59.20070071117102,0.18793873241641593,0.0,9.365384588909391,315,145838.0,462.97777777777776,0.0,77137.0,315,145838.0,462.97777777777776,0.0,77137.0,315,105.741273116,0.33568658132063495,0.002737851,0.999315537,315,31449.250879,99.83889167936508,0.0,8869.827271,315,15,0.047619047619047616,0,1,315
11299.999999999998,26114.0,67.13110539845758,0.0,4999.0,389,78846.0,202.68894601542416,0.0,20749.0,389,68.00765225679241,0.17482686955473628,0.0,5.891129025392999,389,78846.0,202.68894601542416,0.0,20749.0,389,78846.0,202.68894601542416,0.0,20749.0,389,141.850787144,0.3646549798046273,0.002737851,0.999315537,389,26112.8999642,67.12827754293059,0.0,4999.179993,389,24,0.061696658097686374,0,1,389
11399.999999999998,28704.0,99.32179930795847,0.0,6424.0,289,54616.0,188.98269896193773,0.0,13108.0,289,31.615756568166564,0.10939708155074936,0.0,4.837748342696872,289,54616.0,188.98269896193773,0.0,13108.0,289,54616.0,188.98269896193773,0.0,13108.0,289,133.806981533,0.462999936100346,0.002737851,0.980150582,289,30966.7699678,107.15145317577854,0.0,6423.569992,289,18,0.06228373702422145,0,2,289
11500.0,33398.0,100.90030211480362,0.0,7424.0,331,58168.0,175.73413897280966,0.0,12105.0,331,43.60392153487561,0.1317339019180532,0.0,7.771276595455325,331,58168.0,175.73413897280966,0.0,12105.0,331,58168.0,175.73413897280966,0.0,12105.0,331,159.238877493,0.4810842220332326,0.002737851,0.991101985,331,34031.979946,102.8156493836858,0.0,7424.269989,331,22,0.06646525679758308,0,2,331
11600.0,26287.0,76.41569767441861,0.0,7206.0,344,46955.0,136.49709302325581,0.0,15040.0,344,26.708829012588588,0.07764194480403659,0.0,3.3509174289177257,344,46955.0,136.49709302325581,0.0,15040.0,344,46955.0,136.49709302325581,0.0,15040.0,344,179.258042456,0.521098960627907,0.002737851,0.999315537,344,28036.8399502,81.50244171569767,0.0,7205.909973,344,17,0.04941860465116279,0,2,344
11700.0,70863.0,186.48157894736843,0.0,9293.0,380,406728.0,1070.3368421052633,0.0,265476.0,380,90.9449765087941,0.23932888554945816,0.0,30.4375004128086,380,406728.0,1070.3368421052633,0.0,265476.0,380,406728.0,1070.3368421052633,0.0,265476.0,380,205.223819319,0.540062682418421,0.008213552,0.999315537,380,71758.7771068,188.8388871231579,0.0,9292.719971,380,34,0.08947368421052632,0,2,380
11800.0,36463.0,104.77873563218391,0.0,8848.0,348,65822.0,189.14367816091954,0.0,19706.0,348,38.86174276202698,0.1116716746035258,0.0,4.013736257759766,348,65822.0,189.14367816091954,0.0,19706.0,348,65822.0,189.14367816091954,0.0,19706.0,348,175.296372363,0.5037252079396551,0.002737851,0.999315537,348,36462.489971,104.7772700316092,0.0,8847.779999,348,23,0.06609195402298851,0,1,348
11900.0,63384.0,182.13793103448276,0.0,11075.0,348,130810.0,375.89080459770116,0.0,37204.0,348,60.06963871877982,0.17261390436430982,0.0,5.891129025392999,348,130810.0,375.89080459770116,0.0,37204.0,348,130810.0,375.89080459770116,0.0,37204.0,348,183.348391528,0.526863194045977,0.002737851,0.999315537,348,67925.66718599999,195.1886988103448,0.0,11074.63998,348,30,0.08620689655172414,0,2,348
12000.0,9354.0,35.70229007633588,0.0,2641.0,262,16497.0,62.965648854961835,0.0,4445.0,262,23.66713782003612,0.09033258709937451,0.0,4.5943396242668655,262,16497.0,62.965648854961835,0.0,4445.0,262,16497.0,62.965648854961835,0.0,4445.0,262,136.845995901,0.5223129614541985,0.002737851,0.999315537,262,10829.7399867,41.33488544541985,0.0,2640.679993,262,15,0.05725190839694656,0,2,262
12100.0,21726.0,86.904,0.0,5972.0,250,44845.0,179.38,0.0,10006.0,250,46.97918738046982,0.18791674952187926,0.0,20.29166673599653,250,44845.0,179.38,0.0,10006.0,250,44845.0,179.38,0.0,10006.0,250,122.039698843,0.48815879537199997,0.002737851,0.999315537,250,27717.7399796,110.87095991839999,0.0,8990.809998,250,19,0.076,0,3,250
12200.0,33180.0,76.45161290322581,0.0,10037.0,434,102766.0,236.78801843317973,0.0,33603.0,434,71.2986904047335,0.16428269678510024,0.0,33.20454507797573,434,102766.0,236.78801843317973,0.0,33603.0,434,102766.0,236.78801843317973,0.0,33603.0,434,205.798767974,0.4741907096175115,0.002737851,0.999315537,434,33180.7899294,76.4534330170507,0.0,10037.17996,434,18,0.041474654377880185,0,1,434
12300.0,15251.0,44.078034682080926,0.0,3106.0,346,26560.0,76.76300578034682,0.0,6132.0,346,37.10459888208547,0.10723872509273256,0.0,4.623417725440113,346,26560.0,76.76300578034682,0.0,6132.0,346,26560.0,76.76300578034682,0.0,6132.0,346,147.64134156,0.42670907965317917,0.002737851,0.999315537,346,15611.5299857,45.120028860404624,0.0,3105.699997,346,20,0.057803468208092484,0,2,346
12400.0,32615.0,103.86942675159236,0.0,11928.0,314,92901.0,295.8630573248408,0.0,33513.0,314,47.69066945832574,0.15188111292460427,0.0,6.40789473136167,314,92901.0,295.8630573248408,0.0,33513.0,314,92901.0,295.8630573248408,0.0,33513.0,314,153.976728276,0.4903717461019108,0.002737851,0.999315537,314,36713.559943,116.92216542356688,0.0,11927.89999,314,20,0.06369426751592357,0,2,314
12500.0,15012.0,53.234042553191486,0.0,3338.0,282,24653.0,87.42198581560284,0.0,6662.0,282,20.92084791567811,0.07418740395630535,0.0,3.652499996174007,282,24653.0,87.42198581560284,0.0,6662.0,282,24653.0,87.42198581560284,0.0,6662.0,282,113.193702958,0.40139610978014184,0.002737851,0.999315537,282,15011.8299852,53.233439663829785,0.0,3337.589996,282,13,0.04609929078014184,0,1,282
12600.0,91950.0,187.27087576374745,0.0,11076.0,491,192778.0,392.6232179226069,0.0,39962.0,491,119.35943686138708,0.24309457609243804,0.0,19.223684194085006,491,192778.0,392.6232179226069,0.0,39962.0,491,192778.0,392.6232179226069,0.0,39962.0,491,253.166324446,0.5156136954093686,0.002737851,0.999315537,491,95821.719862,195.15625226476578,0.0,11075.87997,491,51,0.10386965376782077,0,2,491
12700.0,22277.0,71.86129032258064,0.0,4526.0,310,104791.0,338.03548387096777,0.0,47892.0,310,52.545549133136376,0.16950177139721412,0.0,14.609999931333,310,104791.0,338.03548387096777,0.0,47892.0,310,104791.0,338.03548387096777,0.0,47892.0,310,140.276522933,0.45250491268709675,0.002737851,0.999315537,310,23131.5710013,74.61797097193548,0.0,4525.579987,310,17,0.054838709677419356,0,2,310
12800.0,41337.0,98.89234449760765,0.0,10608.0,418,104549.0,250.11722488038276,0.0,34906.0,418,46.681438724704925,0.11167808307345677,0.0,7.161764713254758,418,104549.0,250.11722488038276,0.0,34906.0,418,104549.0,250.11722488038276,0.0,34906.0,418,185.021218361,0.44263449368660285,0.002737851,0.999315537,418,41335.826242099996,98.88953646435405,0.0,10607.90628,418,23,0.05502392344497608,0,1,418
12900.0,37735.0,83.85555555555555,0.0,9807.0,450,91762.0,203.91555555555556,0.0,34442.0,450,61.41587365401862,0.13647971923115249,0.0,17.39285700060842,450,91762.0,203.91555555555556,0.0,34442.0,450,91762.0,203.91555555555556,0.0,34442.0,450,206.291581131,0.4584257358466666,0.005475702,0.999315537,450,42155.7053697,93.679345266,0.0,9806.509949,450,27,0.06,0,2,450
13000.0,48394.0,95.07662082514734,0.0,9709.0,509,95135.0,186.9056974459725,0.0,15543.0,509,77.19429780485775,0.1516587383199563,0.0,9.611842097042503,509,95135.0,186.9056974459725,0.0,15543.0,509,95135.0,186.9056974459725,0.0,15543.0,509,261.560574955,0.5138714635658153,0.002737851,0.999315537,509,49988.7399574,98.20970522082514,0.0,9708.619995,509,41,0.08055009823182711,0,3,509
13100.0,40991.0,93.37357630979498,0.0,11800.0,439,83747.0,190.76765375854214,0.0,27628.0,439,45.14972552648458,0.10284675518561408,0.0,4.013736257759766,439,83747.0,190.76765375854214,0.0,27628.0,439,83747.0,190.76765375854214,0.0,27628.0,439,218.318959641,0.4973097030546697,0.005475702,0.999315537,439,41942.7399354,95.54154882779044,0.0,11800.18997,439,27,0.06150341685649203,0,2,439
13200.0,27060.0,96.98924731182795,0.0,6855.0,279,159201.0,570.6129032258065,0.0,107688.0,279,52.59963208464536,0.1885291472567934,0.0,20.29166673599653,279,159201.0,570.6129032258065,0.0,107688.0,279,159201.0,570.6129032258065,0.0,107688.0,279,109.453798779,0.3923075225053763,0.002737851,0.999315537,279,27977.7626954,100.27871933835125,0.0,6855.119995,279,18,0.06451612903225806,0,2,279
13300.0,49472.0,130.18947368421053,0.0,6499.0,380,106540.0,280.36842105263156,0.0,21381.0,380,58.181388284038825,0.15310891653694428,0.0,6.5223214319490594,380,106540.0,280.36842105263156,0.0,21381.0,380,106540.0,280.36842105263156,0.0,21381.0,380,178.327173184,0.46928203469473684,0.002737851,0.999315537,380,51536.8062829,135.6231744286842,0.0,6498.849991,380,30,0.07894736842105263,0,3,380
13400.0,38325.0,135.42402826855124,0.0,9289.0,283,81296.0,287.2650176678445,0.0,23278.0,283,34.40403676217859,0.12156903449533071,0.0,8.90853660698535,283,81296.0,287.2650176678445,0.0,23278.0,283,81296.0,287.2650176678445,0.0,23278.0,283,105.114305282,0.3714286405724382,0.002737851,0.999315537,283,38324.9999207,135.42402798833922,0.0,9288.629974,283,17,0.06007067137809187,0,1,283
13490.0,3164.0,40.050632911392405,0.0,1537.0,79,7969.0,100.87341772151899,0.0,4861.0,79,13.706434812246638,0.17349917483856503,0.0,3.4135514044692,79,7969.0,100.87341772151899,0.0,4861.0,79,7969.0,100.87341772151899,0.0,4861.0,79,46.644763865,0.5904400489240507,0.112251882,0.999315537,79,5145.0899916,65.12772141265823,0.0,3074.809998,79,8,0.10126582278481013,0,2,79
13500.0,60690.0,179.02654867256638,0.0,10961.0,339,299315.0,882.9351032448377,0.0,145385.0,339,119.4587097046279,0.35238557434993484,0.0,33.20454507797573,339,299315.0,882.9351032448377,0.0,145385.0,339,299315.0,882.9351032448377,0.0,145385.0,339,136.618754288,0.4030051748908554,0.008213552,0.999315537,339,60688.6216662,179.02248279115045,0.0,10961.37997,339,26,0.07669616519174041,0,1,339
13600.000000000002,65798.0,121.17495395948434,0.0,9054.0,543,154185.0,283.9502762430939,0.0,18206.0,543,123.74704640441503,0.22789511308363725,0.0,30.4375004128086,543,154185.0,283.9502762430939,0.0,18206.0,543,154185.0,283.9502762430939,0.0,18206.0,543,254.305270389,0.4683338312872928,0.002737851,0.999315537,543,70187.328927,129.25843264640883,0.0,9053.889984,543,44,0.08103130755064457,0,2,543
13700.000000000002,44258.0,91.06584362139918,0.0,10572.0,486,71426.0,146.96707818930042,0.0,16573.0,486,61.525770568903056,0.12659623573848366,0.0,3.2323008843908143,486,71426.0,146.96707818930042,0.0,16573.0,486,71426.0,146.96707818930042,0.0,16573.0,486,256.407939791,0.5275883534794239,0.002737851,0.999315537,486,49240.5699358,101.31804513539095,0.0,10571.87997,486,42,0.08641975308641975,0,2,486
13779.999999999998,0.0,0.0,0.0,0.0,7,0.0,0.0,0.0,0.0,7,0.0,0.0,0.0,0.0,7,0.0,0.0,0.0,0.0,7,0.0,0.0,0.0,0.0,7,5.916495551,0.8452136501428571,0.793976728,0.889801506,7,0.0,0.0,0.0,0.0,7,0,0.0,0,0,7
13799.999999999998,24363.0,69.8080229226361,0.0,7662.0,349,74644.0,213.87965616045847,0.0,22036.0,349,54.0672506576442,0.15492048899038452,0.0,7.454081608731545,349,74644.0,213.87965616045847,0.0,22036.0,349,74644.0,213.87965616045847,0.0,22036.0,349,163.123887768,0.4674036898796562,0.002737851,0.996577687,349,28190.6654128,80.77554559541548,0.0,7661.819992,349,21,0.06017191977077364,0,2,349
13899.999999999998,19930.0,69.44250871080139,0.0,3341.0,287,48035.0,167.36933797909407,0.0,13042.0,287,52.32496969670531,0.18231696758433905,0.0,16.602272814623323,287,48035.0,167.36933797909407,0.0,13042.0,287,48035.0,167.36933797909407,0.0,13042.0,287,143.203285424,0.4989661513031359,0.002737851,0.999315537,287,19930.4936209,69.44422864425087,0.0,3340.693634,287,17,0.059233449477351915,0,1,287
13990.0,32839.0,203.9689440993789,0.0,7377.0,161,71851.0,446.27950310559004,0.0,18842.0,161,39.57036598598095,0.24577867072037857,0.0,8.69642857593208,161,71851.0,446.27950310559004,0.0,18842.0,161,71851.0,446.27950310559004,0.0,18842.0,161,84.728268316,0.5262625361242236,0.002737851,0.999315537,161,33129.0199725,205.77031038819874,0.0,7377.199997,161,18,0.11180124223602485,0,2,161
14000.0,28264.0,79.84180790960453,0.0,4063.0,354,138793.0,392.07062146892656,0.0,35772.0,354,91.54306733188399,0.25859623540080223,0.0,24.349999885555,354,138793.0,392.07062146892656,0.0,35772.0,354,138793.0,392.07062146892656,0.0,35772.0,354,122.989733065,0.34742862447740114,0.008213552,0.999315537,354,29046.559969500002,82.05242929237289,0.0,4063.229996,354,23,0.06497175141242938,0,2,354
14100.0,86288.0,208.42512077294685,0.0,13834.0,414,157767.0,381.07971014492756,0.0,39786.0,414,59.46185081367055,0.14362765897021873,0.0,8.494186035449433,414,157767.0,381.07971014492756,0.0,39786.0,414,157767.0,381.07971014492756,0.0,39786.0,414,203.824777555,0.49233038056763284,0.002737851,0.999315537,414,89402.9671691,215.949196060628,0.0,13833.59,414,33,0.07971014492753623,0,2,414
14200.0,53697.0,183.26621160409556,0.0,8986.0,293,131679.0,449.41638225255974,0.0,48987.0,293,58.99293321886023,0.2013410690063489,0.0,7.454081608731545,293,131679.0,449.41638225255974,0.0,48987.0,293,131679.0,449.41638225255974,0.0,48987.0,293,157.749486668,0.5383941524505119,0.002737851,0.999315537,293,57262.5662428,195.43537966825937,0.0,8986.179962,293,32,0.10921501706484642,0,2,293
14280.0,14705.0,288.3333333333333,0.0,5898.0,51,23479.0,460.37254901960785,0.0,9792.0,51,11.121602194904556,0.21807063127263834,0.0,1.7730582528962702,51,23479.0,460.37254901960785,0.0,9792.0,51,23479.0,460.37254901960785,0.0,9792.0,51,34.63381246,0.6790943619607843,0.013689254,0.900752909,51,14704.627252299999,288.32602455490195,0.0,5897.963623,51,8,0.1568627450980392,0,1,51
14300.0,9790.0,30.309597523219814,0.0,1746.0,323,26487.0,82.0030959752322,0.0,5455.0,323,45.48285468910837,0.14081379160714666,0.0,4.935810816847174,323,26487.0,82.0030959752322,0.0,5455.0,323,26487.0,82.0030959752322,0.0,5455.0,323,119.230663947,0.369135182498452,0.002737851,0.985626283,323,10143.3499931,31.4035603501548,0.0,1746.329998,323,20,0.06191950464396285,0,2,323
14400.0,36221.0,103.19373219373219,0.0,9523.0,351,93767.0,267.1424501424501,0.0,26919.0,351,53.99792221147202,0.15384023422071802,0.0,5.751968503370869,351,93767.0,267.1424501424501,0.0,26919.0,351,93767.0,267.1424501424501,0.0,26919.0,351,174.45585217,0.4970252198575498,0.002737851,0.999315537,351,41570.599917600004,118.43475760000001,0.0,9522.949951,351,23,0.06552706552706553,0,2,351
14500.0,50648.0,121.45803357314149,0.0,12843.0,417,105608.0,253.25659472422063,0.0,24305.0,417,79.53032656708068,0.1907202075949177,0.0,6.087499989917578,417,105608.0,253.25659472422063,0.0,24305.0,417,105608.0,253.25659472422063,0.0,24305.0,417,193.451060923,0.46391141708153477,0.002737851,0.999315537,417,57577.5754109,138.07572040983212,0.0,12842.71997,417,43,0.10311750599520383,0,2,417
14600.0,34961.0,103.74183976261128,0.0,7161.0,337,69236.0,205.44807121661722,0.0,18550.0,337,61.46103022261735,0.18237694428076365,0.0,29.219999862666,337,69236.0,205.44807121661722,0.0,18550.0,337,69236.0,205.44807121661722,0.0,18550.0,337,156.325804261,0.4638747900919881,0.002737851,0.999315537,337,38363.2499608,113.83753697566766,0.0,7160.639999,337,23,0.06824925816023739,0,2,337
14700.0,59286.0,161.54223433242507,0.0,14043.0,367,127461.0,347.3051771117166,0.0,35374.0,367,63.83597777148675,0.17393999392775683,0.0,4.805921048521252,367,127461.0,347.3051771117166,0.0,35374.0,367,127461.0,347.3051771117166,0.0,35374.0,367,175.742642044,0.47886278486103545,0.002737851,0.991101985,367,68915.8199376,187.78152571553133,0.0,14043.17999,367,36,0.09809264305177112,0,3,367
14800.0,30113.0,101.73310810810811,0.0,9279.0,296,95791.0,323.6182432432432,0.0,39409.0,296,49.12534616472602,0.16596400731326358,0.0,11.7822581201968,296,95791.0,323.6182432432432,0.0,39409.0,296,95791.0,323.6182432432432,0.0,39409.0,296,132.446269689,0.44745361381418913,0.002737851,0.999315537,296,30111.4799594,101.7279728358108,0.0,9278.859985,296,17,0.057432432432432436,0,1,296
14900.0,51525.0,168.38235294117646,0.0,11753.0,306,292585.0,956.1601307189543,0.0,186643.0,306,58.80286144821006,0.19216621388303942,0.0,15.880434808845935,306,292585.0,956.1601307189543,0.0,186643.0,306,292585.0,956.1601307189543,0.0,186643.0,306,137.300479135,0.4486943762581699,0.002737851,0.999315537,306,53116.019926,173.5817644640523,0.0,11752.89999,306,20,0.06535947712418301,0,2,306
14990.000000000002,0.0,0.0,0.0,0.0,2,0.0,0.0,0.0,0.0,2,0.0,0.0,0.0,0.0,2,0.0,0.0,0.0,0.0,2,0.0,0.0,0.0,0.0,2,0.443531828,0.221765914,0.199863108,0.24366872,2,0.0,0.0,0.0,0.0,2,0,0.0,0,0,2
15000.0,48760.0,99.10569105691057,0.0,9053.0,492,742501.0,1509.14837398374,0.0,661322.0,492,170.27722851981684,0.3460919278858066,0.0,73.04999965666501,492,742501.0,1509.14837398374,0.0,661322.0,492,742501.0,1509.14837398374,0.0,661322.0,492,209.418206737,0.4256467616605691,0.002737851,0.999315537,492,48761.0099206,99.10774374105691,0.0,9052.99997,492,32,0.06504065040650407,0,1,492
15100.0,53088.0,161.36170212765958,0.0,9825.0,329,184921.0,562.0699088145897,0.0,53561.0,329,107.77372658180167,0.3275797160541084,0.0,52.17857009429085,329,184921.0,562.0699088145897,0.0,53561.0,329,184921.0,562.0699088145897,0.0,53561.0,329,158.877481191,0.48291027717629176,0.002737851,0.999315537,329,53087.1599267,161.35914871337386,0.0,9824.719971,329,28,0.0851063829787234,0,1,329
15200.0,38214.0,134.55633802816902,0.0,9290.0,284,91764.0,323.11267605633805,0.0,48716.0,284,38.21100035899455,0.13454577591195266,0.0,5.987704918572662,284,91764.0,323.11267605633805,0.0,48716.0,284,91764.0,323.11267605633805,0.0,48716.0,284,142.628336766,0.5022124534014084,0.002737851,0.999315537,284,40093.3926605,141.17391781866198,0.0,9290.379974,284,24,0.08450704225352113,0,2,284
15300.0,20052.0,85.6923076923077,0.0,7641.0,234,55625.0,237.7136752136752,0.0,16132.0,234,29.589324916746232,0.1264501064818215,0.0,5.037931036185232,234,55625.0,237.7136752136752,0.0,16132.0,234,55625.0,237.7136752136752,0.0,16132.0,234,89.223819315,0.38129837314102566,0.002737851,0.999315537,234,20534.1299717,87.75269218675214,0.0,7641.209992,234,11,0.04700854700854701,0,2,234
15400.0,9667.0,28.101744186046513,0.0,3427.0,344,28098.0,81.68023255813954,0.0,13176.0,344,40.223490154774254,0.11692875044992515,0.0,3.970108702211484,344,28098.0,81.68023255813954,0.0,13176.0,344,28098.0,81.68023255813954,0.0,13176.0,344,162.584531156,0.4726294510348837,0.002737851,0.999315537,344,11631.569988,33.81270345348837,0.0,3533.179997,344,19,0.055232558139534885,0,2,344
15490.0,6488.0,81.1,0.0,2090.0,80,8011.0,100.1375,0.0,2091.0,80,11.246861450155102,0.14058576812693876,0.0,3.5461165057925403,80,8011.0,100.1375,0.0,2091.0,80,8011.0,100.1375,0.0,2091.0,80,47.438740589,0.5929842573624999,0.016427105,0.999315537,80,6488.3299941,81.10412492625,0.0,2089.899998,80,7,0.0875,0,1,80
15500.0,21640.0,92.08510638297872,0.0,7131.0,235,34636.0,147.3872340425532,0.0,9683.0,235,22.937071453351994,0.09760455937596593,0.0,2.590425531818441,235,34636.0,147.3872340425532,0.0,9683.0,235,34636.0,147.3872340425532,0.0,9683.0,235,125.242984267,0.5329488692212766,0.002737851,0.999315537,235,21640.6099707,92.08770200297872,0.0,7131.289993,235,15,0.06382978723404255,0,1,235
15590.0,1688.0,58.206896551724135,0.0,1094.0,29,14795.0,510.17241379310343,0.0,13779.0,29,16.4490939201767,0.5672101351785069,0.0,12.594827558737142,29,14795.0,510.17241379310343,0.0,13779.0,29,14795.0,510.17241379310343,0.0,13779.0,29,13.924709106,0.4801623829655172,0.013689254,0.996577687,29,1688.0099986999999,58.20724133448275,0.0,1094.209999,29,3,0.10344827586206896,0,1,29
15600.0,35841.0,103.28818443804035,0.0,8283.0,347,62568.0,180.31123919308357,0.0,12399.0,347,58.624087520577916,0.16894549717745797,0.0,3.689393938387741,347,62568.0,180.31123919308357,0.0,12399.0,347,62568.0,180.31123919308357,0.0,12399.0,347,182.80903492,0.5268271899711815,0.019164956,0.999315537,347,38228.5699599,110.16878950979827,0.0,8282.839996,347,36,0.1037463976945245,0,2,347
15643.0,200.0,18.181818181818183,0.0,200.0,11,322.0,29.272727272727273,0.0,322.0,11,1.609030836173309,0.1462755305612099,0.0,1.609030836173309,11,322.0,29.272727272727273,0.0,322.0,11,322.0,29.272727272727273,0.0,322.0,11,6.861054074,0.6237321885454545,0.580424367,0.711841205,11,200.0,18.181818181818183,0.0,200.0,11,1,0.09090909090909091,0,1,11
15700.0,56510.0,147.16145833333334,0.0,10628.0,384,397376.0,1034.8333333333333,0.0,277277.0,384,94.23078239166544,0.24539266247829541,0.0,26.08928572779624,384,397376.0,1034.8333333333333,0.0,277277.0,384,397376.0,1034.8333333333333,0.0,277277.0,384,190.384668048,0.495793406375,0.005475702,0.999315537,384,57854.7462886,150.66340179322916,0.0,10628.01996,384,39,0.1015625,0,2,384
15780.0,3775.0,171.5909090909091,0.0,3314.0,22,4545.0,206.5909090909091,0.0,3747.0,22,2.8618476081547155,0.1300839821888507,0.0,1.73104265428276,22,4545.0,206.5909090909091,0.0,3747.0,22,4545.0,206.5909090909091,0.0,3747.0,22,15.786447638,0.7175658017272727,0.410677618,0.884325804,22,3774.6599999,171.57545454090908,0.0,3313.75,22,2,0.09090909090909091,0,1,22
15800.0,31360.0,108.5121107266436,0.0,11379.0,289,76676.0,265.3148788927336,0.0,28663.0,289,38.59941076620096,0.1335619749695535,0.0,6.763888866248649,289,76676.0,265.3148788927336,0.0,28663.0,289,76676.0,265.3148788927336,0.0,28663.0,289,116.386036981,0.4027198511453287,0.008213552,0.999315537,289,32702.2399594,113.15653965190312,0.0,11379.31998,289,21,0.0726643598615917,0,2,289
15853.0,0.0,0.0,0.0,0.0,1,0.0,0.0,0.0,0.0,1,0.0,0.0,0.0,0.0,1,0.0,0.0,0.0,0.0,1,0.0,0.0,0.0,0.0,1,0.528405202,0.528405202,0.528405202,0.528405202,1,0.0,0.0,0.0,0.0,1,0,0.0,0,0,1
15900.0,30907.0,113.62867647058823,0.0,13620.0,272,140594.0,516.8897058823529,0.0,99494.0,272,54.07946134784253,0.1988215490729505,0.0,7.305000019029524,272,140594.0,516.8897058823529,0.0,99494.0,272,140594.0,516.8897058823529,0.0,99494.0,272,110.042436696,0.40456778197058824,0.002737851,0.999315537,272,30906.0799078,113.62529377867646,0.0,13620.49994,272,18,0.0661764705882353,0,1,272
15990.0,0.0,0.0,0.0,0.0,6,0.0,0.0,0.0,0.0,6,0.0,0.0,0.0,0.0,6,0.0,0.0,0.0,0.0,6,0.0,0.0,0.0,0.0,6,3.488021903,0.5813369838333333,0.501026694,0.602327173,6,0.0,0.0,0.0,0.0,6,0,0.0,0,0,6
16000.0,63698.0,228.30824372759858,0.0,13813.0,279,359928.0,1290.0645161290322,0.0,142480.0,279,78.80206569249368,0.28244467990141103,0.0,18.26249991416625,279,359928.0,1290.0645161290322,0.0,142480.0,279,359928.0,1290.0645161290322,0.0,142480.0,279,147.063655051,0.5271098747347671,0.002737851,0.999315537,279,63698.3799042,228.30960539139787,0.0,13813.26996,279,24,0.08602150537634409,0,1,279
16100.000000000002,39342.0,110.8225352112676,0.0,11521.0,355,83216.0,234.4112676056338,0.0,24215.0,355,49.12775463107798,0.13838804121430415,0.0,6.1906779829949015,355,83216.0,234.4112676056338,0.0,24215.0,355,83216.0,234.4112676056338,0.0,24215.0,355,133.078713222,0.3748696147098592,0.002737851,0.999315537,355,39824.069961400004,112.18047876450706,0.0,11521.47998,355,22,0.061971830985915494,0,2,355
16143.0,1100.0,31.428571428571427,0.0,1100.0,35,1607.0,45.91428571428571,0.0,1607.0,35,1.460999999536863,0.04174285712962466,0.0,1.460999999536863,35,1607.0,45.91428571428571,0.0,1607.0,35,1607.0,45.91428571428571,0.0,1607.0,35,20.952772073000002,0.598650630657143,0.120465435,0.711841205,35,1100.32,31.437714285714282,0.0,1100.32,35,1,0.02857142857142857,0,1,35
16200.000000000002,18551.0,74.8024193548387,0.0,6817.0,248,94805.0,382.2782258064516,0.0,53281.0,248,57.10936974491006,0.23027971671334702,0.0,22.828124788483155,248,94805.0,382.2782258064516,0.0,53281.0,248,94805.0,382.2782258064516,0.0,53281.0,248,113.210130061,0.4564924599233871,0.002737851,0.999315537,248,19283.541809,77.7562169717742,0.0,6817.389999,248,16,0.06451612903225806,0,2,248
16299.999999999998,27511.0,100.04,0.0,5970.0,275,65095.0,236.70909090909092,0.0,16279.0,275,32.7033932348878,0.11892142994504654,0.0,4.623417725440113,275,65095.0,236.70909090909092,0.0,16279.0,275,65095.0,236.70909090909092,0.0,16279.0,275,128.021902819,0.46553419206909086,0.002737851,0.999315537,275,31660.0635816,115.1275039330909,0.0,7042.263626,275,15,0.05454545454545454,0,2,275
16353.0,0.0,0.0,0.0,0.0,1,0.0,0.0,0.0,0.0,1,0.0,0.0,0.0,0.0,1,0.0,0.0,0.0,0.0,1,0.0,0.0,0.0,0.0,1,0.008213552,0.008213552,0.008213552,0.008213552,1,0.0,0.0,0.0,0.0,1,0,0.0,0,0,1
16400.0,54538.0,138.07088607594937,0.0,14697.0,395,180161.0,456.10379746835446,0.0,95859.0,395,70.43319396224493,0.17831188344872134,0.0,6.5223214319490594,395,180161.0,456.10379746835446,0.0,95859.0,395,180161.0,456.10379746835446,0.0,95859.0,395,183.099247111,0.4635423977493671,0.002737851,0.982888433,395,60996.3199226,154.42106309518988,0.0,14696.90997,395,32,0.0810126582278481,0,2,395
16490.0,711.0,64.63636363636364,0.0,368.0,11,1020.0,92.72727272727273,0.0,513.0,11,2.8728289101031725,0.2611662645548339,0.0,1.4787449401932256,11,1020.0,92.72727272727273,0.0,513.0,11,1020.0,92.72727272727273,0.0,513.0,11,2.138261464,0.19438740581818184,0.008213552,0.717316906,11,710.6299991000001,64.60272719090909,0.0,367.7299995,11,2,0.18181818181818182,0,1,11
16500.0,47768.0,157.1315789473684,0.0,11469.0,304,93548.0,307.7236842105263,0.0,19757.0,304,74.35644180460466,0.24459355856777848,0.0,11.4140625245224,304,93548.0,307.7236842105263,0.0,19757.0,304,93548.0,307.7236842105263,0.0,19757.0,304,136.637919247,0.44946683962828954,0.002737851,0.999315537,304,47767.9099177,157.13128262401315,0.0,11469.09,304,26,0.08552631578947369,0,1,304
16600.0,28163.0,103.92250922509226,0.0,13173.0,271,70410.0,259.8154981549815,0.0,39117.0,271,33.73728859736657,0.12449183984268107,0.0,5.0034246440318535,271,70410.0,259.8154981549815,0.0,39117.0,271,70410.0,259.8154981549815,0.0,39117.0,271,124.271047235,0.45856474994464946,0.013689254,0.999315537,271,29350.5345113,108.30455539225092,0.0,13172.72998,271,15,0.055350553505535055,0,2,271
16700.0,18704.0,62.55518394648829,0.0,3935.0,299,34042.0,113.85284280936455,0.0,9273.0,299,29.53219147552644,0.09876987115560681,0.0,3.3819444445618734,299,34042.0,113.85284280936455,0.0,9273.0,299,34042.0,113.85284280936455,0.0,9273.0,299,133.051334715,0.44498774152173914,0.002737851,0.999315537,299,18704.4163203,62.556576322073575,0.0,3934.929993,299,17,0.056856187290969896,0,1,299
16800.0,43119.0,174.57085020242914,0.0,14344.0,247,238177.0,964.2793522267207,0.0,158117.0,247,70.13910480648966,0.28396398707080833,0.0,18.26249991416625,247,238177.0,964.2793522267207,0.0,158117.0,247,238177.0,964.2793522267207,0.0,158117.0,247,123.761806999,0.5010599473643724,0.002737851,0.999315537,247,44820.5956058,181.4599012380567,0.0,14344.37567,247,27,0.10931174089068826,0,2,247
16835.0,3630.0,71.17647058823529,0.0,1199.0,51,6950.0,136.27450980392157,0.0,3199.0,51,11.672649544712675,0.22887548126887597,0.0,6.763888866248649,51,6950.0,136.27450980392157,0.0,3199.0,51,6950.0,136.27450980392157,0.0,3199.0,51,31.832991101,0.6241762960980393,0.054757016,0.999315537,51,3630.0100029,71.17666672352941,0.0,1198.929998,51,5,0.09803921568627451,0,1,51
16900.0,21140.0,154.3065693430657,0.0,9674.0,137,33985.0,248.06569343065692,0.0,13326.0,137,16.813862972847748,0.12272892680910764,0.0,2.646739127802428,137,33985.0,248.06569343065692,0.0,13326.0,137,33985.0,248.06569343065692,0.0,13326.0,137,58.160164279,0.4245267465620438,0.002737851,0.960985626,137,22497.9999662,164.21897785547446,0.0,9673.689972,137,11,0.08029197080291971,0,2,137
17000.0,2070.0,9.583333333333334,0.0,683.0,216,5207.0,24.10648148148148,0.0,1559.0,216,13.99710533188481,0.06480141357354079,0.0,5.293478269615312,216,5207.0,24.10648148148148,0.0,1559.0,216,5207.0,24.10648148148148,0.0,1559.0,216,80.985626295,0.3749334550694445,0.002737851,0.999315537,216,2868.2799998,13.279074073148148,0.0,890.4000006,216,7,0.032407407407407406,0,2,216
17100.0,63125.0,173.89807162534436,0.0,14199.0,363,1274957.0,3512.2782369146007,0.0,710046.0,363,206.2040225906408,0.568055158651903,0.0,121.75000535700022,363,1274957.0,3512.2782369146007,0.0,710046.0,363,1274957.0,3512.2782369146007,0.0,710046.0,363,148.24914443,0.4083998469146006,0.002737851,0.999315537,363,63890.403481400004,176.00662116088156,0.0,14198.62997,363,26,0.07162534435261708,0,2,363
17200.0,11258.0,68.64634146341463,0.0,4740.0,164,15380.0,93.78048780487805,0.0,5929.0,164,11.87007455388554,0.07237850337735086,0.0,1.974324322840913,164,15380.0,93.78048780487805,0.0,5929.0,164,15380.0,93.78048780487805,0.0,5929.0,164,79.0937714,0.482279093902439,0.016427105,0.999315537,164,11257.509979900002,68.64335353597562,0.0,4740.409988,164,9,0.054878048780487805,0,1,164
17300.0,37427.0,127.73720136518772,0.0,9003.0,293,107182.0,365.80887372013655,0.0,60895.0,293,58.243229718669475,0.19878235398863303,0.0,11.4140625245224,293,107182.0,365.80887372013655,0.0,60895.0,293,107182.0,365.80887372013655,0.0,60895.0,293,140.542094474,0.479665851447099,0.002737851,0.999315537,293,37426.2635603,127.73468791911263,0.0,9002.539948,293,24,0.08191126279863481,0,1,293
17353.0,0.0,0.0,0.0,0.0,4,0.0,0.0,0.0,0.0,4,0.0,0.0,0.0,0.0,4,0.0,0.0,0.0,0.0,4,0.0,0.0,0.0,0.0,4,0.284736481,0.07118412025,0.038329911,0.112251882,4,0.0,0.0,0.0,0.0,4,0,0.0,0,0,4
17400.0,42230.0,93.01762114537445,0.0,10088.0,454,70431.0,155.13436123348018,0.0,11587.0,454,58.989602547677876,0.12993304525920238,0.0,7.609374987396972,454,70431.0,155.13436123348018,0.0,11587.0,454,70431.0,155.13436123348018,0.0,11587.0,454,228.342231368,0.5029564567577093,0.002737851,0.988364134,454,44213.3426722,97.38621733964757,0.0,10087.81998,454,31,0.06828193832599119,0,2,454
17490.0,14295.0,1299.5454545454545,0.0,13590.0,11,33577.0,3052.4545454545455,0.0,32872.0,11,3.419559103158918,0.3108690093780834,0.0,2.418874171348436,11,33577.0,3052.4545454545455,0.0,32872.0,11,33577.0,3052.4545454545455,0.0,32872.0,11,6.464065708,0.5876423370909091,0.016427105,0.999315537,11,14294.319948800001,1299.483631709091,0.0,13589.78995,11,2,0.18181818181818182,0,1,11
17500.0,9661.0,28.331378299120235,0.0,2679.0,341,47260.0,138.59237536656892,0.0,14260.0,341,81.95775691159795,0.24034532818650425,0.0,21.485294293636898,341,47260.0,138.59237536656892,0.0,14260.0,341,47260.0,138.59237536656892,0.0,14260.0,341,118.836413427,0.3484938810175953,0.005475702,0.982888433,341,10337.6199898,30.315601143108502,0.0,2678.719994,341,15,0.04398826979472141,0,2,341
17553.0,0.0,0.0,0.0,0.0,1,0.0,0.0,0.0,0.0,1,0.0,0.0,0.0,0.0,1,0.0,0.0,0.0,0.0,1,0.0,0.0,0.0,0.0,1,0.251882272,0.251882272,0.251882272,0.251882272,1,0.0,0.0,0.0,0.0,1,0,0.0,0,0,1
17600.0,41194.0,105.35549872122762,0.0,10291.0,391,100326.0,256.5882352941176,0.0,26103.0,391,55.62278358857546,0.14225775853855616,0.0,7.854838715948622,391,100326.0,256.5882352941176,0.0,26103.0,391,100326.0,256.5882352941176,0.0,26103.0,391,176.120465444,0.4504359730025575,0.005475702,0.999315537,391,42436.1126498,108.5322574163683,0.0,10291.26996,391,28,0.07161125319693094,0,2,391
17643.0,3649.0,165.86363636363637,0.0,3649.0,22,12456.0,566.1818181818181,0.0,12456.0,22,3.4135514044692,0.15516142747587272,0.0,3.4135514044692,22,12456.0,566.1818181818181,0.0,12456.0,22,12456.0,566.1818181818181,0.0,12456.0,22,12.996577685,0.5907535311363636,0.021902806,0.717316906,22,7297.369995,331.69863613636363,0.0,7297.369995,22,2,0.09090909090909091,0,2,22
17700.0,40650.0,112.6038781163435,0.0,12834.0,361,259901.0,719.9473684210526,0.0,172544.0,361,68.20328890508154,0.18892877813041978,0.0,36.5249998283325,361,259901.0,719.9473684210526,0.0,172544.0,361,259901.0,719.9473684210526,0.0,172544.0,361,191.104722799,0.529375963432133,0.016427105,0.999315537,361,40648.2107981,112.59892187839336,0.0,12834.01996,361,20,0.055401662049861494,0,1,361
17790.0,0.0,0.0,0.0,0.0,5,0.0,0.0,0.0,0.0,5,0.0,0.0,0.0,0.0,5,0.0,0.0,0.0,0.0,5,0.0,0.0,0.0,0.0,5,2.444900752,0.48898015040000004,0.010951403,0.616016427,5,0.0,0.0,0.0,0.0,5,0,0.0,0,0,5
17800.0,61025.0,273.6547085201794,0.0,17604.0,223,1679152.0,7529.829596412556,0.0,1607465.0,223,126.99283779739125,0.5694746089569114,0.0,91.3125012384258,223,1679152.0,7529.829596412556,0.0,1607465.0,223,1679152.0,7529.829596412556,0.0,1607465.0,223,133.535934308,0.5988158489147982,0.002737851,0.999315537,223,61023.3816528,273.64745135784756,0.0,17604.31995,223,23,0.1031390134529148,0,1,223
17900.0,31002.0,116.98867924528302,0.0,9264.0,265,71473.0,269.70943396226414,0.0,28211.0,265,43.64594080079475,0.16470166339922546,0.0,9.611842097042503,265,71473.0,269.70943396226414,0.0,28211.0,265,71473.0,269.70943396226414,0.0,28211.0,265,139.737166344,0.5273100616754717,0.002737851,0.999315537,265,31418.0299494,118.55860358264151,0.0,9264.209961,265,22,0.0830188679245283,0,2,265
17990.0,7034.0,260.51851851851853,0.0,4081.0,27,61858.0,2291.037037037037,0.0,53929.0,27,20.205319063030082,0.7483451504825956,0.0,18.26249991416625,27,61858.0,2291.037037037037,0.0,53929.0,27,61858.0,2291.037037037037,0.0,53929.0,27,12.922655718,0.47861687844444445,0.005475702,0.999315537,27,7034.139945999999,260.5237017037037,0.0,4080.87999,27,2,0.07407407407407407,0,1,27
18000.0,19740.0,70.0,0.0,6345.0,282,48329.0,171.37943262411346,0.0,17167.0,282,40.061195800642906,0.1420609780164642,0.0,8.116666694398612,282,48329.0,171.37943262411346,0.0,17167.0,282,48329.0,171.37943262411346,0.0,17167.0,282,157.426420272,0.5582497172765958,0.002737851,0.999315537,282,23168.4599744,82.15765948368795,0.0,6344.949997,282,20,0.07092198581560284,0,3,282
18100.0,37366.0,171.40366972477065,0.0,12879.0,218,64684.0,296.7155963302752,0.0,21382.0,218,41.607338964362725,0.19085935304753543,0.0,4.8700000008279,218,64684.0,296.7155963302752,0.0,21382.0,218,64684.0,296.7155963302752,0.0,21382.0,218,103.030800833,0.47261835244495415,0.008213552,0.996577687,218,42925.6798548,196.90678832477064,0.0,12878.62994,218,26,0.11926605504587157,0,2,218
18200.0,58934.0,232.9407114624506,0.0,13819.0,253,2646070.0,10458.774703557312,0.0,2523695.0,253,228.0278221444392,0.9012957397013407,0.0,182.62498580090733,253,2646070.0,10458.774703557312,0.0,2523695.0,253,2646070.0,10458.774703557312,0.0,2523695.0,253,127.767282694,0.5050090225059288,0.005475702,0.996577687,253,64358.329858900004,254.3807504304348,0.0,13818.62994,253,26,0.10276679841897234,0,2,253
18300.0,35642.0,149.12970711297072,0.0,13453.0,239,138578.0,579.8242677824268,0.0,98274.0,239,33.099642446237524,0.13849222780852521,0.0,7.305000019029524,239,138578.0,579.8242677824268,0.0,98274.0,239,138578.0,579.8242677824268,0.0,98274.0,239,119.006160171,0.4979337245648536,0.002737851,0.999315537,239,35641.819962,149.1289538158996,0.0,13453.34,239,14,0.058577405857740586,0,1,239
18350.0,754.0,251.33333333333334,0.0,754.0,3,1143.0,381.0,0.0,1143.0,3,1.5155601652833544,0.5051867217611181,0.0,1.5155601652833544,3,1143.0,381.0,0.0,1143.0,3,1143.0,381.0,0.0,1143.0,3,1.924709104,0.6415697013333334,0.580424367,0.684462697,3,754.0499992,251.34999973333333,0.0,754.0499992,3,1,0.3333333333333333,0,1,3
18353.0,600.0,37.5,0.0,200.0,16,826.0,51.625,0.0,316.0,16,4.134823491171877,0.25842646819824233,0.0,1.5811688307376033,16,826.0,51.625,0.0,316.0,16,826.0,51.625,0.0,316.0,16,10.116358659,0.6322724161875,0.290212183,0.969199179,16,600.0000015,37.50000009375,0.0,200.0000015,16,3,0.1875,0,1,16
18400.0,30522.0,102.42281879194631,0.0,8078.0,298,79363.0,266.31879194630875,0.0,46101.0,298,41.05572071061725,0.13777087486784312,0.0,9.131249957083126,298,79363.0,266.31879194630875,0.0,46101.0,298,79363.0,266.31879194630875,0.0,46101.0,298,158.151950733,0.5307112440704698,0.002737851,0.999315537,298,30521.8299572,102.42224817852349,0.0,8078.049988,298,20,0.06711409395973154,0,1,298
18490.0,436.0,218.0,0.0,436.0,2,640.0,320.0,0.0,640.0,2,1.4668674698706814,0.7334337349353407,0.0,1.4668674698706814,2,640.0,320.0,0.0,640.0,2,640.0,320.0,0.0,640.0,2,1.3826146480000001,0.6913073240000001,0.681724846,0.700889802,2,436.4699998,218.2349999,0.0,436.4699998,2,1,0.5,0,1,2
18500.0,35968.0,103.06017191977077,0.0,7895.0,349,65889.0,188.79369627507162,0.0,21206.0,349,48.5531463047905,0.13912076305097565,0.0,6.763888866248649,349,65889.0,188.79369627507162,0.0,21206.0,349,65889.0,188.79369627507162,0.0,21206.0,349,209.242984276,0.5995500982120343,0.002737851,0.999315537,349,38012.9199524,108.91954141088826,0.0,7895.439987,349,26,0.07449856733524356,0,2,349
18600.0,22915.0,72.51582278481013,0.0,7483.0,316,42747.0,135.2753164556962,0.0,15184.0,316,34.30224103391984,0.10855139567696152,0.0,5.14436619417618,316,42747.0,135.2753164556962,0.0,15184.0,316,42747.0,135.2753164556962,0.0,15184.0,316,128.19164957,0.4056697771202532,0.002737851,0.999315537,316,23941.5218034,75.76430950443037,0.0,7482.919998,316,17,0.05379746835443038,0,2,316
18700.0,38423.0,162.8093220338983,0.0,7042.0,236,67539.0,286.18220338983053,0.0,15330.0,236,51.58640694307735,0.21858647009778537,0.0,8.116666694398612,236,67539.0,286.18220338983053,0.0,15330.0,236,67539.0,286.18220338983053,0.0,15330.0,236,118.792607821,0.5033585077161017,0.002737851,0.999315537,236,38716.026321800004,164.05095899067797,0.0,7041.509995,236,25,0.1059322033898305,0,2,236
18800.0,19172.0,92.61835748792271,0.0,7996.0,207,34836.0,168.28985507246378,0.0,16003.0,207,20.634947866266,0.09968573848437681,0.0,3.2323008843908143,207,34836.0,168.28985507246378,0.0,16003.0,207,34836.0,168.28985507246378,0.0,16003.0,207,99.961670099,0.4829066188357488,0.010951403,0.999315537,207,27167.6599764,131.24473418550724,0.0,15992.51998,207,12,0.057971014492753624,0,2,207
18900.0,48078.0,161.33557046979865,0.0,8260.0,298,104975.0,352.26510067114094,0.0,46511.0,298,41.35113207066564,0.1387621881565961,0.0,7.092233011585081,298,104975.0,352.26510067114094,0.0,46511.0,298,104975.0,352.26510067114094,0.0,46511.0,298,137.062286116,0.45994055743624157,0.005475702,0.999315537,298,57381.8799119,192.55664399966443,0.0,13116.40997,298,25,0.08389261744966443,0,2,298
19000.0,33527.0,130.45525291828793,0.0,13753.0,257,139942.0,544.5214007782101,0.0,70750.0,257,25.781006887019853,0.10031520189501889,0.0,5.534090907581612,257,139942.0,544.5214007782101,0.0,70750.0,257,139942.0,544.5214007782101,0.0,70750.0,257,101.842573592,0.3962746054163424,0.002737851,0.952772074,257,34152.8699567,132.89054457859922,0.0,13753.14999,257,10,0.038910505836575876,0,2,257
19020.0,0.0,0.0,0.0,0.0,5,0.0,0.0,0.0,0.0,5,0.0,0.0,0.0,0.0,5,0.0,0.0,0.0,0.0,5,0.0,0.0,0.0,0.0,5,3.463381246,0.6926762492,0.506502396,0.832306639,5,0.0,0.0,0.0,0.0,5,0,0.0,0,0,5
19100.0,44586.0,237.1595744680851,0.0,14265.0,188,72701.0,386.7074468085106,0.0,25922.0,188,41.04595401776349,0.21832954264767815,0.0,8.90853660698535,188,72701.0,386.7074468085106,0.0,25922.0,188,72701.0,386.7074468085106,0.0,25922.0,188,99.759069138,0.5306333464787234,0.013689254,0.999315537,188,45240.4741699,240.64082005265956,0.0,14264.72421,188,23,0.12234042553191489,0,2,188
19200.0,21079.0,97.13824884792626,0.0,6245.0,217,43879.0,202.2073732718894,0.0,11622.0,217,28.479224003717146,0.13124066361159975,0.0,9.365384588909391,217,43879.0,202.2073732718894,0.0,11622.0,217,43879.0,202.2073732718894,0.0,11622.0,217,89.58795346,0.412847711797235,0.005475702,0.999315537,217,21079.7399697,97.14165884654378,0.0,6245.409988,217,11,0.05069124423963134,0,1,217
19300.0,26388.0,89.45084745762712,0.0,6287.0,295,46237.0,156.73559322033898,0.0,8566.0,295,59.361641212707994,0.2012259024159593,0.0,12.594827558737142,295,46237.0,156.73559322033898,0.0,8566.0,295,46237.0,156.73559322033898,0.0,8566.0,295,146.58726901,0.4969059966440678,0.002737851,0.999315537,295,27345.6199692,92.69701684474576,0.0,6287.23999,295,26,0.08813559322033898,0,2,295
19400.0,13891.0,84.70121951219512,0.0,10975.0,164,20645.0,125.88414634146342,0.0,12606.0,164,17.523117919903157,0.10684827999940949,0.0,5.217857145559248,164,20645.0,125.88414634146342,0.0,12606.0,164,20645.0,125.88414634146342,0.0,12606.0,164,77.497604387,0.4725463682134146,0.046543463,0.999315537,164,14127.1400051,86.14109759207317,0.0,10975.0,164,8,0.04878048780487805,0,2,164
19500.0,56552.0,224.4126984126984,0.0,13057.0,252,87692.0,347.984126984127,0.0,15297.0,252,42.92138244925845,0.17032294622721608,0.0,5.7070312622612,252,87692.0,347.984126984127,0.0,15297.0,252,87692.0,347.984126984127,0.0,15297.0,252,141.032169762,0.5596514673095238,0.002737851,0.999315537,252,64052.3380903,254.17594480277776,0.0,13276.95997,252,23,0.09126984126984126,0,2,252
19600.0,23823.0,106.82959641255606,0.0,13504.0,223,100916.0,452.53811659192826,0.0,60150.0,223,65.4840199397896,0.29365031363134353,0.0,20.29166673599653,223,100916.0,452.53811659192826,0.0,60150.0,223,100916.0,452.53811659192826,0.0,60150.0,223,91.290896659,0.4093762182017937,0.002737851,0.999315537,223,23822.8699358,106.82901316502243,0.0,13504.30994,223,14,0.06278026905829596,0,1,223
19700.0,30438.0,135.88392857142858,0.0,14013.0,224,143772.0,641.8392857142857,0.0,96537.0,224,51.42738642569607,0.22958654654328603,0.0,15.880434808845935,224,143772.0,641.8392857142857,0.0,96537.0,224,143772.0,641.8392857142857,0.0,96537.0,224,107.509924715,0.47995502104910714,0.008213552,0.999315537,224,30437.743972099997,135.88278558973212,0.0,14012.58398,224,17,0.07589285714285714,0,1,224
19800.0,35894.0,151.45147679324896,0.0,9163.0,237,88503.0,373.43037974683546,0.0,19266.0,237,92.7038793261985,0.3911556089713017,0.0,52.17857009429085,237,88503.0,373.43037974683546,0.0,19266.0,237,88503.0,373.43037974683546,0.0,19266.0,237,102.409308704,0.4321067877805907,0.002737851,0.985626283,237,36607.7317631,154.46300321983122,0.0,9163.279999,237,23,0.0970464135021097,0,2,237
19853.0,0.0,0.0,0.0,0.0,1,0.0,0.0,0.0,0.0,1,0.0,0.0,0.0,0.0,1,0.0,0.0,0.0,0.0,1,0.0,0.0,0.0,0.0,1,0.082135524,0.082135524,0.082135524,0.082135524,1,0.0,0.0,0.0,0.0,1,0,0.0,0,0,1
19900.0,15748.0,64.27755102040817,0.0,2879.0,245,64874.0,264.7918367346939,0.0,33618.0,245,53.11767687753925,0.2168068443981194,0.0,15.218749974793944,245,64874.0,264.7918367346939,0.0,33618.0,245,64874.0,264.7918367346939,0.0,33618.0,245,102.039698848,0.4164885667265306,0.002737851,0.996577687,245,18156.8599925,74.10963262244898,0.0,2878.519997,245,20,0.08163265306122448,0,2,245
19990.0,0.0,0.0,0.0,0.0,1,0.0,0.0,0.0,0.0,1,0.0,0.0,0.0,0.0,1,0.0,0.0,0.0,0.0,1,0.0,0.0,0.0,0.0,1,0.123203285,0.123203285,0.123203285,0.123203285,1,0.0,0.0,0.0,0.0,1,0,0.0,0,0,1
20000.0,15234.0,105.79166666666667,0.0,6112.0,144,26574.0,184.54166666666666,0.0,7945.0,144,14.436724277837003,0.1002550297072014,0.0,5.451492529522681,144,26574.0,184.54166666666666,0.0,7945.0,144,26574.0,184.54166666666666,0.0,7945.0,144,65.420944563,0.45431211502083335,0.002737851,0.991101985,144,15233.4999764,105.78819428055556,0.0,6111.609985,144,7,0.04861111111111111,0,1,144
20100.0,16831.0,82.50490196078431,0.0,4254.0,204,39951.0,195.83823529411765,0.0,14387.0,204,33.628732282196054,0.16484672687351007,0.0,8.69642857593208,204,39951.0,195.83823529411765,0.0,14387.0,204,39951.0,195.83823529411765,0.0,14387.0,204,99.780971957,0.4891224115539216,0.002737851,0.993839836,204,17204.2663455,84.33463894852942,0.0,4254.363632,204,12,0.058823529411764705,0,2,204
20200.0,65109.0,369.9375,0.0,18407.0,176,172945.0,982.6420454545455,0.0,68046.0,176,32.314889461989075,0.18360732648857428,0.0,5.451492529522681,176,172945.0,982.6420454545455,0.0,68046.0,176,172945.0,982.6420454545455,0.0,68046.0,176,84.375085566,0.4794038952613636,0.002737851,0.999315537,176,69010.4898736,392.1050561,0.0,18406.58997,176,17,0.09659090909090909,0,2,176
20300.0,27548.0,139.83756345177665,0.0,14309.0,197,50085.0,254.23857868020303,0.0,17597.0,197,38.04559342882671,0.19312483974023711,0.0,7.530927845028085,197,50085.0,254.23857868020303,0.0,17597.0,197,50085.0,254.23857868020303,0.0,17597.0,197,90.710472286,0.4604592501827411,0.005475702,0.999315537,197,29035.7699717,147.38969528781726,0.0,14309.07999,197,17,0.08629441624365482,0,2,197
20400.0,22258.0,179.5,0.0,18291.0,124,60951.0,491.5403225806452,0.0,53446.0,124,18.399463076032415,0.1483827667421969,0.0,2.922000003342768,124,60951.0,491.5403225806452,0.0,53446.0,124,60951.0,491.5403225806452,0.0,53446.0,124,66.72689938,0.5381201562903226,0.002737851,0.971937029,124,22258.4299091,179.50346700887096,0.0,18291.46991,124,9,0.07258064516129033,0,1,124
20480.0,0.0,0.0,0.0,0.0,9,0.0,0.0,0.0,0.0,9,0.0,0.0,0.0,0.0,9,0.0,0.0,0.0,0.0,9,0.0,0.0,0.0,0.0,9,5.004791239,0.5560879154444445,0.030116359,0.657084189,9,0.0,0.0,0.0,0.0,9,0,0.0,0,0,9
20500.0,28242.0,139.8118811881188,0.0,5338.0,202,55190.0,273.2178217821782,0.0,18657.0,202,23.42506407726741,0.11596566374884856,0.0,3.495215308015456,202,55190.0,273.2178217821782,0.0,18657.0,202,55190.0,273.2178217821782,0.0,18657.0,202,108.698151957,0.5381096631534653,0.002737851,0.999315537,202,39502.9899163,195.55935602128713,0.0,10675.08998,202,18,0.0891089108910891,0,3,202
20600.0,37049.0,248.6510067114094,0.0,16311.0,149,87727.0,588.771812080537,0.0,44460.0,149,30.37852055878276,0.20388268831397827,0.0,4.103932585191895,149,87727.0,588.771812080537,0.0,44460.0,149,87727.0,588.771812080537,0.0,44460.0,149,66.357289534,0.4453509364697987,0.002737851,0.999315537,149,39023.1481178,261.90032293825504,0.0,16310.83997,149,17,0.11409395973154363,0,2,149
20700.0,14061.0,106.52272727272727,0.0,7465.0,132,16942.0,128.34848484848484,0.0,9243.0,132,10.176223296533163,0.07709260073131184,0.0,2.371753247981476,132,16942.0,128.34848484848484,0.0,9243.0,132,16942.0,128.34848484848484,0.0,9243.0,132,56.698151957,0.42953145421969696,0.002737851,0.993839836,132,14060.539985,106.51924231060606,0.0,7465.119995,132,7,0.05303030303030303,0,1,132
20800.0,27562.0,229.68333333333334,0.0,18216.0,120,38056.0,317.1333333333333,0.0,22252.0,120,17.583708849416347,0.14653090707846955,0.0,3.3509174289177257,120,38056.0,317.1333333333333,0.0,22252.0,120,38056.0,317.1333333333333,0.0,22252.0,120,62.392881594,0.51994067995,0.002737851,0.993839836,120,27563.001759699997,229.69168133083332,0.0,18215.87994,120,10,0.08333333333333333,0,1,120
20900.0,5128.0,44.98245614035088,0.0,1812.0,114,11133.0,97.65789473684211,0.0,4189.0,114,14.342357347351058,0.12581015216974611,0.0,6.297413779368571,114,11133.0,97.65789473684211,0.0,4189.0,114,11133.0,97.65789473684211,0.0,4189.0,114,47.181382622,0.4138717773859649,0.002737851,0.993839836,114,5128.4199958,44.98614031403509,0.0,1811.82,114,6,0.05263157894736842,0,1,114
20980.0,0.0,0.0,0.0,0.0,9,0.0,0.0,0.0,0.0,9,0.0,0.0,0.0,0.0,9,0.0,0.0,0.0,0.0,9,0.0,0.0,0.0,0.0,9,5.3990417530000006,0.5998935281111112,0.002737851,0.711841205,9,0.0,0.0,0.0,0.0,9,0,0.0,0,0,9
20990.000000000004,6815.0,74.89010989010988,0.0,1725.0,91,11956.0,131.3846153846154,0.0,5295.0,91,11.630267091779132,0.12780513287669376,0.0,3.069327727971524,91,11956.0,131.3846153846154,0.0,5295.0,91,11956.0,131.3846153846154,0.0,5295.0,91,57.089664610999996,0.6273589517692307,0.010951403,0.999315537,91,6816.137222400001,74.90260683956045,0.0,1725.457226,91,8,0.08791208791208792,0,1,91
21000.0,7123.0,55.6484375,0.0,3755.0,128,20170.0,157.578125,0.0,10799.0,128,13.015305916758788,0.10168207747467803,0.0,4.013736257759766,128,20170.0,157.578125,0.0,10799.0,128,20170.0,157.578125,0.0,10799.0,128,61.388090355,0.4795944558984375,0.002737851,0.999315537,128,9831.534532,76.80886353125,0.0,4081.569996,128,7,0.0546875,0,2,128
21050.0,9204.0,1534.0,0.0,7710.0,6,21254.0,3542.3333333333335,0.0,17491.0,6,4.787599057066766,0.7979331761777942,0.0,2.518965518092616,6,21254.0,3542.3333333333335,0.0,17491.0,6,21254.0,3542.3333333333335,0.0,17491.0,6,3.20054757,0.533424595,0.396988364,0.796714579,6,9203.689987,1533.9483311666665,0.0,7709.73999,6,2,0.3333333333333333,0,1,6
21100.0,12181.0,70.81976744186046,0.0,7358.0,172,32897.0,191.26162790697674,0.0,15014.0,172,24.444653730706854,0.14212007982969102,0.0,7.940217404422968,172,32897.0,191.26162790697674,0.0,15014.0,172,32897.0,191.26162790697674,0.0,15014.0,172,83.383983577,0.48479060219186043,0.002737851,0.993839836,172,12803.139990000001,74.43686040697675,0.0,7357.509995,172,12,0.06976744186046512,0,2,172
21200.0,16210.0,137.3728813559322,0.0,3682.0,118,32292.0,273.66101694915255,0.0,10352.0,118,30.61035627683998,0.25940979895627103,0.0,8.494186035449433,118,32292.0,273.66101694915255,0.0,10352.0,118,32292.0,273.66101694915255,0.0,10352.0,118,60.720054759,0.5145767352457628,0.005475702,0.999315537,118,16209.7136001,137.37045423813558,0.0,3682.25,118,14,0.11864406779661017,0,1,118
21300.0,18781.0,141.21052631578948,0.0,8587.0,133,83893.0,630.7744360902255,0.0,55025.0,133,32.15222484862316,0.24174605149340725,0.0,6.40789473136167,133,83893.0,630.7744360902255,0.0,55025.0,133,83893.0,630.7744360902255,0.0,55025.0,133,65.174537993,0.4900341202481203,0.002737851,0.999315537,133,18781.747237,141.21614463909773,0.0,8587.427246,133,13,0.09774436090225563,0,1,133
21400.0,16121.0,112.73426573426573,0.0,7572.0,143,38704.0,270.65734265734267,0.0,21112.0,143,40.5049591991047,0.28325146293080206,0.0,24.349999885555,143,38704.0,270.65734265734267,0.0,21112.0,143,38704.0,270.65734265734267,0.0,21112.0,143,70.135523622,0.4904582071468531,0.002737851,0.996577687,143,16509.6999686,115.45244733286715,0.0,7571.719986,143,10,0.06993006993006994,0,2,143
21500.0,6391.0,38.041666666666664,0.0,2293.0,168,11046.0,65.75,0.0,2984.0,168,18.5174239193664,0.1102227614248,0.0,3.885638297727663,168,11046.0,65.75,0.0,2984.0,168,11046.0,65.75,0.0,2984.0,168,84.799452437,0.5047586454583334,0.002737851,0.999315537,168,7353.8181700000005,43.772727202380956,0.0,2292.619995,168,11,0.06547619047619048,0,2,168
21600.0,6204.0,52.57627118644068,0.0,3187.0,118,9308.0,78.88135593220339,0.0,4426.0,118,8.313619797397505,0.07045440506269073,0.0,2.075284088907503,118,9308.0,78.88135593220339,0.0,4426.0,118,9308.0,78.88135593220339,0.0,4426.0,118,63.726214935,0.5400526689406779,0.030116359,0.999315537,118,6204.2399908,52.57830500677966,0.0,3187.399994,118,5,0.0423728813559322,0,1,118
21700.0,24796.0,217.50877192982455,0.0,5854.0,114,45004.0,394.7719298245614,0.0,13118.0,114,17.223620555554447,0.1510843908381969,0.0,2.898809525310693,114,45004.0,394.7719298245614,0.0,13118.0,114,45004.0,394.7719298245614,0.0,13118.0,114,60.418891178,0.5299902734912281,0.016427105,0.988364134,114,27982.119955,245.45719258771928,0.0,5853.73999,114,12,0.10526315789473684,0,2,114
21800.0,6896.0,46.91156462585034,0.0,3306.0,147,10441.0,71.02721088435374,0.0,4193.0,147,14.660759512638164,0.09973305790910315,0.0,3.203947365680835,147,10441.0,71.02721088435374,0.0,4193.0,147,10441.0,71.02721088435374,0.0,4193.0,147,80.421629026,0.5470859117414967,0.002737851,0.982888433,147,7279.2799921,49.51891151088435,0.0,3306.409996,147,9,0.061224489795918366,0,2,147
21840.0,0.0,0.0,0.0,0.0,12,0.0,0.0,0.0,0.0,12,0.0,0.0,0.0,0.0,12,0.0,0.0,0.0,0.0,12,0.0,0.0,0.0,0.0,12,4.58863792,0.38238649333333335,0.027378508,0.574948665,12,0.0,0.0,0.0,0.0,12,0,0.0,0,0,12
21900.0,30928.0,271.29824561403507,0.0,21456.0,114,75568.0,662.8771929824561,0.0,58484.0,114,15.638239983757027,0.1371775437171669,0.0,3.0020547954314454,114,75568.0,662.8771929824561,0.0,58484.0,114,75568.0,662.8771929824561,0.0,58484.0,114,60.80219028,0.5333525463157894,0.008213552,0.999315537,114,34278.9099508,300.69219255087717,0.0,21456.26996,114,11,0.09649122807017543,0,3,114
21980.0,1459.0,27.528301886792452,0.0,1059.0,53,4128.0,77.88679245283019,0.0,3223.0,53,7.570484316895575,0.14283932673387878,0.0,3.043749994958789,53,4128.0,77.88679245283019,0.0,3223.0,53,4128.0,77.88679245283019,0.0,3223.0,53,20.339493505,0.3837640283962264,0.153319644,0.941820671,53,1459.389999,27.535660358490567,0.0,1059.389999,53,3,0.05660377358490566,0,1,53
21990.0,10964.0,210.84615384615384,0.0,9426.0,52,143441.0,2758.480769230769,0.0,137714.0,52,29.41443480975075,0.5656622078798221,0.0,14.609999931333,52,143441.0,2758.480769230769,0.0,137714.0,52,143441.0,2758.480769230769,0.0,137714.0,52,19.750855583,0.3798241458269231,0.002737851,0.971937029,52,10964.625391599999,210.85818060769228,0.0,9425.639984,52,5,0.09615384615384616,0,1,52
22000.0,38312.0,292.4580152671756,0.0,14012.0,131,87628.0,668.9160305343512,0.0,42939.0,131,30.933509291072205,0.23613365871047484,0.0,4.743506484712525,131,87628.0,668.9160305343512,0.0,42939.0,131,87628.0,668.9160305343512,0.0,42939.0,131,72.856947304,0.5561599030839695,0.016427105,0.993839836,131,43204.0999441,329.80228964961833,0.0,14011.94998,131,18,0.13740458015267176,0,4,131
22100.0,1299.0,15.282352941176471,0.0,1299.0,85,1535.0,18.058823529411764,0.0,1535.0,85,1.1820388352641802,0.01390633923840212,0.0,1.1820388352641802,85,1535.0,18.058823529411764,0.0,1535.0,85,1535.0,18.058823529411764,0.0,1535.0,85,38.704996577,0.4553529009058824,0.002737851,0.977412731,85,1298.809998,15.280117623529412,0.0,1298.809998,85,1,0.011764705882352941,0,1,85
22200.000000000004,16579.0,212.55128205128204,0.0,9745.0,78,21411.0,274.5,0.0,9752.0,78,11.786799865552746,0.15111281878913776,0.0,2.898809525310693,78,21411.0,274.5,0.0,9752.0,78,21411.0,274.5,0.0,9752.0,78,45.089664616,0.5780726232820513,0.005475702,0.999315537,78,17672.0199964,226.5643589282051,0.0,9744.75,78,8,0.10256410256410256,0,2,78
22300.0,7683.0,57.33582089552239,0.0,2417.0,134,21966.0,163.92537313432837,0.0,8267.0,134,25.578425134114806,0.19088376965757317,0.0,7.02403845812775,134,21966.0,163.92537313432837,0.0,8267.0,134,21966.0,163.92537313432837,0.0,8267.0,134,66.343600284,0.49510149465671643,0.010951403,0.999315537,134,8670.9499906,64.70858201940298,0.0,2417.499992,134,12,0.08955223880597014,0,2,134
22340.0,2756.0,91.86666666666666,0.0,1941.0,30,4409.0,146.96666666666667,0.0,3056.0,30,3.234580720514,0.10781935735046666,0.0,1.660227273193268,30,4409.0,146.96666666666667,0.0,3056.0,30,4409.0,146.96666666666667,0.0,3056.0,30,18.329911022,0.6109970340666667,0.079397673,0.963723477,30,2755.7199972,91.85733323999999,0.0,1940.919998,30,2,0.06666666666666667,0,1,30
22400.000000000004,11692.0,205.12280701754386,0.0,4939.0,57,23895.0,419.2105263157895,0.0,13412.0,57,8.972965039677007,0.15742043929257907,0.0,2.715613381935535,57,23895.0,419.2105263157895,0.0,13412.0,57,23895.0,419.2105263157895,0.0,13412.0,57,34.713210133,0.6090036865438596,0.021902806,0.999315537,57,16630.349983,291.76052601754384,0.0,9877.789993,57,6,0.10526315789473684,0,2,57
22490.0,0.0,0.0,0.0,0.0,7,0.0,0.0,0.0,0.0,7,0.0,0.0,0.0,0.0,7,0.0,0.0,0.0,0.0,7,0.0,0.0,0.0,0.0,7,5.656399725,0.8080571035714286,0.049281314,0.985626283,7,0.0,0.0,0.0,0.0,7,0,0.0,0,0,7
22500.0,26721.0,272.66326530612247,0.0,4943.0,98,52436.0,535.0612244897959,0.0,14410.0,98,23.65541575740203,0.24138179344287786,0.0,4.8700000008279,98,52436.0,535.0612244897959,0.0,14410.0,98,52436.0,535.0612244897959,0.0,14410.0,98,37.856262839,0.38628839631632655,0.038329911,0.982888433,98,26719.8299724,272.65132624897956,0.0,4942.509995,98,12,0.12244897959183673,0,1,98
22600.0,21474.0,286.32,0.0,18212.0,75,65123.0,868.3066666666666,0.0,59927.0,75,9.056157980458762,0.12074877307278349,0.0,3.2905405445647826,75,65123.0,868.3066666666666,0.0,59927.0,75,65123.0,868.3066666666666,0.0,59927.0,75,31.36481862,0.41819758160000003,0.005475702,0.97467488,75,21473.989976900004,286.31986635866673,0.0,18212.26996,75,5,0.06666666666666667,0,1,75
22700.0,17954.0,140.265625,0.0,7364.0,128,40516.0,316.53125,0.0,24676.0,128,23.775878116594637,0.1857490477858956,0.0,6.891509420569332,128,40516.0,316.53125,0.0,24676.0,128,40516.0,316.53125,0.0,24676.0,128,62.313483917,0.4868240931015625,0.021902806,0.996577687,128,17952.7799773,140.25609357265625,0.0,7363.789993,128,10,0.078125,0,1,128
22800.0,3282.0,40.51851851851852,0.0,1570.0,81,4508.0,55.65432098765432,0.0,1571.0,81,11.102000520652574,0.1370617348228713,0.0,2.746240599155001,81,4508.0,55.65432098765432,0.0,1571.0,81,4508.0,55.65432098765432,0.0,1571.0,81,34.551676937,0.4265639128024692,0.021902806,0.999315537,81,3494.9399943,43.14740733703704,0.0,1570.339996,81,8,0.09876543209876543,0,2,81
22828.0,0.0,0.0,0.0,0.0,4,0.0,0.0,0.0,0.0,4,0.0,0.0,0.0,0.0,4,0.0,0.0,0.0,0.0,4,0.0,0.0,0.0,0.0,4,2.368240931,0.59206023275,0.539356605,0.632443532,4,0.0,0.0,0.0,0.0,4,0,0.0,0,0,4
22900.0,12198.0,89.69117647058823,0.0,3694.0,136,23600.0,173.52941176470588,0.0,5210.0,136,31.559209852266648,0.2320530136196077,0.0,11.7822581201968,136,23600.0,173.52941176470588,0.0,5210.0,136,23600.0,173.52941176470588,0.0,5210.0,136,42.776180703,0.3145307404632353,0.016427105,0.889801506,136,12199.0799868,89.69911755,0.0,3693.82,136,10,0.07352941176470588,0,1,136
22990.0,2898.0,263.45454545454544,0.0,1862.0,11,7609.0,691.7272727272727,0.0,5764.0,11,7.518210424901546,0.6834736749910496,0.0,3.095338981916327,11,7609.0,691.7272727272727,0.0,5764.0,11,7609.0,691.7272727272727,0.0,5764.0,11,7.778234087,0.7071121897272727,0.290212183,0.999315537,11,5339.8399998,485.43999998181823,0.0,3725.0,11,6,0.5454545454545454,0,2,11
23000.0,5556.0,39.40425531914894,0.0,2288.0,141,30155.0,213.86524822695034,0.0,11505.0,141,36.09612841314626,0.25600091073153375,0.0,15.218749974793944,141,30155.0,213.86524822695034,0.0,11505.0,141,30155.0,213.86524822695034,0.0,11505.0,141,58.757015751,0.4167164237659574,0.002737851,0.999315537,141,5554.4999962,39.393616994326244,0.0,2287.709999,141,8,0.05673758865248227,0,1,141
23100.0,15161.0,147.19417475728156,0.0,9924.0,103,66702.0,647.5922330097087,0.0,52532.0,103,36.09705929104742,0.35045688632084876,0.0,5.534090907581612,103,66702.0,647.5922330097087,0.0,52532.0,103,66702.0,647.5922330097087,0.0,52532.0,103,36.777549626,0.35706358860194176,0.027378508,0.999315537,103,25084.8699574,243.54242677087376,0.0,19847.73996,103,13,0.1262135922330097,0,2,103
23200.0,8367.0,66.936,0.0,2056.0,125,19320.0,154.56,0.0,5983.0,125,21.184925126992205,0.16947940101593764,0.0,4.2970588217979495,125,19320.0,154.56,0.0,5983.0,125,19320.0,154.56,0.0,5983.0,125,48.276522938,0.386212183504,0.008213552,0.999315537,125,8367.65999,66.94127992,0.0,2056.289997,125,8,0.064,0,1,125
23240.0,0.0,0.0,0.0,0.0,2,0.0,0.0,0.0,0.0,2,0.0,0.0,0.0,0.0,2,0.0,0.0,0.0,0.0,2,0.0,0.0,0.0,0.0,2,0.232717317,0.1163586585,0.032854209,0.199863108,2,0.0,0.0,0.0,0.0,2,0,0.0,0,0,2
23300.0,24940.0,226.72727272727272,0.0,7028.0,110,62670.0,569.7272727272727,0.0,22322.0,110,38.9954371083866,0.35450397371260545,0.0,10.145833367998264,110,62670.0,569.7272727272727,0.0,22322.0,110,62670.0,569.7272727272727,0.0,22322.0,110,51.964407945,0.4724037085909091,0.016427105,0.941820671,110,25375.0099699,230.6819088172727,0.0,7027.649994,110,16,0.14545454545454545,0,2,110
23400.0,4239.0,49.2906976744186,0.0,1198.0,86,7303.0,84.9186046511628,0.0,2575.0,86,10.17915690525414,0.11836228959597839,0.0,2.590425531818441,86,7303.0,84.9186046511628,0.0,2575.0,86,7303.0,84.9186046511628,0.0,2575.0,86,40.202600963,0.4674721042209303,0.008213552,0.966461328,86,5232.9599973,60.84837206162791,0.0,1987.799999,86,7,0.08139534883720931,0,2,86
23490.000000000004,920.0,460.0,0.0,920.0,2,1263.0,631.5,0.0,1263.0,2,1.37312030146296,0.68656015073148,0.0,1.37312030146296,2,1263.0,631.5,0.0,1263.0,2,1263.0,631.5,0.0,1263.0,2,1.103353867,0.5516769335,0.375085558,0.728268309,2,920.4799995,460.23999975,0.0,920.4799995,2,1,0.5,0,1,2
23500.0,7535.0,74.60396039603961,0.0,3083.0,101,14108.0,139.68316831683168,0.0,7986.0,101,11.230506979536907,0.1111931384112565,0.0,2.590425531818441,101,14108.0,139.68316831683168,0.0,7986.0,101,14108.0,139.68316831683168,0.0,7986.0,101,46.206707739,0.4574921558316832,0.010951403,0.999315537,101,7535.0399924,74.60435636039604,0.0,3082.979996,101,8,0.07920792079207921,0,1,101
23600.0,40572.0,526.9090909090909,0.0,16293.0,77,96128.0,1248.4155844155844,0.0,39940.0,77,16.693613407006865,0.21680017411697228,0.0,3.528985506850005,77,96128.0,1248.4155844155844,0.0,39940.0,77,96128.0,1248.4155844155844,0.0,39940.0,77,45.401779605,0.5896335013636363,0.021902806,0.999315537,77,48905.1399188,635.1316872571429,0.0,16667.05,77,10,0.12987012987012986,0,2,77
23700.0,7237.0,70.95098039215686,0.0,2066.0,102,13582.0,133.15686274509804,0.0,4746.0,102,12.187235203250104,0.11948269807107945,0.0,2.2971698121334327,102,13582.0,133.15686274509804,0.0,4746.0,102,13582.0,133.15686274509804,0.0,4746.0,102,47.567419579,0.46634725077450984,0.002737851,0.999315537,102,7237.5299943,70.95617641470588,0.0,2066.049999,102,7,0.06862745098039216,0,1,102
23740.0,0.0,0.0,0.0,0.0,2,0.0,0.0,0.0,0.0,2,0.0,0.0,0.0,0.0,2,0.0,0.0,0.0,0.0,2,0.0,0.0,0.0,0.0,2,1.095140315,0.5475701575,0.227241615,0.8678987,2,0.0,0.0,0.0,0.0,2,0,0.0,0,0,2
23790.0,0.0,0.0,0.0,0.0,1,0.0,0.0,0.0,0.0,1,0.0,0.0,0.0,0.0,1,0.0,0.0,0.0,0.0,1,0.0,0.0,0.0,0.0,1,0.999315537,0.999315537,0.999315537,0.999315537,1,0.0,0.0,0.0,0.0,1,0,0.0,0,0,1
23800.0,28844.0,191.01986754966887,0.0,8065.0,151,48364.0,320.2913907284768,0.0,16097.0,151,25.635440277039898,0.16977112766251587,0.0,2.1871257506606527,151,48364.0,320.2913907284768,0.0,16097.0,151,48364.0,320.2913907284768,0.0,16097.0,151,78.735112946,0.5214245890463576,0.002737851,0.999315537,151,28844.519987300002,191.0233111741722,0.0,8065.259995,151,16,0.10596026490066225,0,1,151
23840.0,5607.0,934.5,0.0,5607.0,6,10611.0,1768.5,0.0,10611.0,6,1.8924870463330528,0.31541450772217544,0.0,1.8924870463330528,6,10611.0,1768.5,0.0,10611.0,6,10611.0,1768.5,0.0,10611.0,6,3.033538673,0.5055897788333333,0.002737851,0.722792608,6,5607.189987,934.5316644999999,0.0,5607.189987,6,1,0.16666666666666666,0,1,6
23890.0,0.0,0.0,0.0,0.0,4,0.0,0.0,0.0,0.0,4,0.0,0.0,0.0,0.0,4,0.0,0.0,0.0,0.0,4,0.0,0.0,0.0,0.0,4,2.239561944,0.559890486,0.041067762,0.826830938,4,0.0,0.0,0.0,0.0,4,0,0.0,0,0,4
23900.0,9771.0,74.02272727272727,0.0,2982.0,132,13973.0,105.85606060606061,0.0,3281.0,132,16.386565807232138,0.12414065005478893,0.0,2.1422287399484032,132,13973.0,105.85606060606061,0.0,3281.0,132,13973.0,105.85606060606061,0.0,3281.0,132,80.062970569,0.6065376558257576,0.013689254,0.999315537,132,11490.189993,87.04689388636363,0.0,2981.809998,132,13,0.09848484848484848,0,2,132
23980.0,0.0,0.0,0.0,0.0,1,0.0,0.0,0.0,0.0,1,0.0,0.0,0.0,0.0,1,0.0,0.0,0.0,0.0,1,0.0,0.0,0.0,0.0,1,0.049281314,0.049281314,0.049281314,0.049281314,1,0.0,0.0,0.0,0.0,1,0,0.0,0,0,1
23990.0,0.0,0.0,0.0,0.0,5,0.0,0.0,0.0,0.0,5,0.0,0.0,0.0,0.0,5,0.0,0.0,0.0,0.0,5,0.0,0.0,0.0,0.0,5,4.172484598,0.8344969195999999,0.27926078,0.999315537,5,0.0,0.0,0.0,0.0,5,0,0.0,0,0,5
24000.0,25124.0,234.80373831775702,0.0,20746.0,107,64643.0,604.1401869158879,0.0,56548.0,107,11.544313097403144,0.10789077661124434,0.0,2.9455645126964995,107,64643.0,604.1401869158879,0.0,56548.0,107,64643.0,604.1401869158879,0.0,56548.0,107,46.696783033,0.4364185330186916,0.005475702,0.977412731,107,26850.2499317,250.93691524953272,0.0,20745.86993,107,7,0.06542056074766354,0,2,107
24100.0,32545.0,411.9620253164557,0.0,16307.0,79,2999824.0,37972.45569620253,0.0,2978066.0,79,194.0263775615633,2.456030095715991,0.0,182.62498580090733,79,2999824.0,37972.45569620253,0.0,2978066.0,79,2999824.0,37972.45569620253,0.0,2978066.0,79,33.664613284,0.4261343453670886,0.005475702,0.996577687,79,32544.1099468,411.95075882025316,0.0,16306.81998,79,9,0.11392405063291139,0,1,79
24200.0,9822.0,58.81437125748503,0.0,2404.0,167,24697.0,147.88622754491018,0.0,8091.0,167,22.616622904639467,0.1354288796684998,0.0,5.534090907581612,167,24697.0,147.88622754491018,0.0,8091.0,167,24697.0,147.88622754491018,0.0,8091.0,167,75.236139636,0.45051580620359283,0.019164956,0.999315537,167,9820.8499888,58.807484962874256,0.0,2403.739998,167,10,0.059880239520958084,0,1,167
24300.0,20953.0,174.60833333333332,0.0,5824.0,120,28322.0,236.01666666666668,0.0,6974.0,120,14.033206053874576,0.11694338378228814,0.0,2.767045453790806,120,28322.0,236.01666666666668,0.0,6974.0,120,28322.0,236.01666666666668,0.0,6974.0,120,76.388774812,0.6365731234333333,0.002737851,0.999315537,120,23845.649707599998,198.71374756333333,0.0,5823.949997,120,11,0.09166666666666666,0,2,120
24400.0,4541.0,45.86868686868687,0.0,1659.0,99,9226.0,93.1919191919192,0.0,3586.0,99,13.298409289037657,0.13432736655593594,0.0,4.743506484712525,99,9226.0,93.1919191919192,0.0,3586.0,99,9226.0,93.1919191919192,0.0,3586.0,99,52.870636556,0.5340468338989899,0.002737851,0.999315537,99,5618.5363746,56.75289267272728,0.0,1659.379997,99,8,0.08080808080808081,0,2,99
24500.0,5264.0,46.584070796460175,0.0,2099.0,113,10141.0,89.7433628318584,0.0,4261.0,113,11.325257134623255,0.10022351446569253,0.0,4.682692316382304,113,10141.0,89.7433628318584,0.0,4261.0,113,10141.0,89.7433628318584,0.0,4261.0,113,40.569472967,0.3590218846637168,0.002737851,0.999315537,113,5263.2699934,46.577610561061945,0.0,2099.089996,113,5,0.04424778761061947,0,1,113
24600.0,5210.0,53.71134020618557,0.0,3177.0,97,16738.0,172.55670103092783,0.0,13186.0,97,14.934540333274954,0.1539643333327315,0.0,7.454081608731545,97,16738.0,172.55670103092783,0.0,13186.0,97,16738.0,172.55670103092783,0.0,13186.0,97,41.891854901,0.43187479279381447,0.010951403,0.999315537,97,5210.714538,53.71870657731959,0.0,3176.909996,97,5,0.05154639175257732,0,1,97
24700.000000000004,3295.0,27.008196721311474,0.0,762.0,122,7675.0,62.90983606557377,0.0,2226.0,122,16.341075021922407,0.1339432378846099,0.0,3.844736838817001,122,7675.0,62.90983606557377,0.0,2226.0,122,7675.0,62.90983606557377,0.0,2226.0,122,51.685147168,0.4236487472786885,0.032854209,0.950034223,122,3294.8999961,27.007377017213113,0.0,761.6799984,122,7,0.05737704918032787,0,1,122
24800.0,19738.0,189.78846153846155,0.0,9073.0,104,26589.0,255.66346153846155,0.0,11234.0,104,13.276301122625686,0.12765674156370851,0.0,2.17410714398302,104,26589.0,255.66346153846155,0.0,11234.0,104,26589.0,255.66346153846155,0.0,11234.0,104,51.003422321,0.49041752231730773,0.032854209,0.991101985,104,19737.8499823,189.7870190605769,0.0,9073.209992,104,9,0.08653846153846154,0,1,104
24900.000000000004,5201.0,59.10227272727273,0.0,3578.0,88,8034.0,91.29545454545455,0.0,4084.0,88,11.839076582639084,0.13453496116635322,0.0,5.891129025392999,88,8034.0,91.29545454545455,0.0,4084.0,88,8034.0,91.29545454545455,0.0,4084.0,88,34.236824098,0.38905481929545455,0.002737851,0.999315537,88,5201.3099967,59.10579541704545,0.0,3577.739998,88,5,0.056818181818181816,0,1,88
24980.000000000004,0.0,0.0,0.0,0.0,1,0.0,0.0,0.0,0.0,1,0.0,0.0,0.0,0.0,1,0.0,0.0,0.0,0.0,1,0.0,0.0,0.0,0.0,1,0.65982204,0.65982204,0.65982204,0.65982204,1,0.0,0.0,0.0,0.0,1,0,0.0,0,0,1
24990.0,0.0,0.0,0.0,0.0,2,0.0,0.0,0.0,0.0,2,0.0,0.0,0.0,0.0,2,0.0,0.0,0.0,0.0,2,0.0,0.0,0.0,0.0,2,0.5119780970000001,0.25598904850000004,0.117727584,0.394250513,2,0.0,0.0,0.0,0.0,2,0,0.0,0,0,2
25000.0,12362.0,97.33858267716535,0.0,1869.0,127,36001.0,283.4724409448819,0.0,11530.0,127,39.3830484962037,0.31010274406459604,0.0,8.396551705824763,127,36001.0,283.4724409448819,0.0,11530.0,127,36001.0,283.4724409448819,0.0,11530.0,127,65.341546893,0.5145003692362204,0.030116359,0.982888433,127,15378.9899842,121.09440932440944,0.0,2364.179997,127,17,0.13385826771653545,0,2,127
25100.0,7472.0,69.83177570093459,0.0,3719.0,107,18784.0,175.55140186915887,0.0,10156.0,107,9.105035856840686,0.08509379305458585,0.0,3.727040818256605,107,18784.0,175.55140186915887,0.0,10156.0,107,18784.0,175.55140186915887,0.0,10156.0,107,50.765229302,0.4744413953457944,0.019164956,0.993839836,107,7470.9499913,69.82196253551402,0.0,3718.629997,107,5,0.04672897196261682,0,1,107
25200.0,10121.0,79.0703125,0.0,4956.0,128,29498.0,230.453125,0.0,11844.0,128,16.494498727350123,0.12886327130742284,0.0,4.623417725440113,128,29498.0,230.453125,0.0,11844.0,128,29498.0,230.453125,0.0,11844.0,128,57.889117042,0.452258726890625,0.002737851,0.999315537,128,10120.3499821,79.06523423515625,0.0,4955.999985,128,6,0.046875,0,1,128
25300.0,4326.0,60.083333333333336,0.0,903.0,72,8551.0,118.76388888888889,0.0,1742.0,72,18.537289795910954,0.257462358276541,0.0,4.682692305418501,72,8551.0,118.76388888888889,0.0,1742.0,72,8551.0,118.76388888888889,0.0,1742.0,72,39.682409309,0.5511445737361111,0.021902806,0.960985626,72,4697.6399975,65.24499996527778,0.0,903.0699997,72,10,0.1388888888888889,0,2,72
25400.0,14916.0,125.34453781512605,0.0,5951.0,119,24805.0,208.4453781512605,0.0,13335.0,119,12.700441005261645,0.1067263950021987,0.0,2.240797547531338,119,24805.0,208.4453781512605,0.0,13335.0,119,24805.0,208.4453781512605,0.0,13335.0,119,62.661190968,0.5265646299831933,0.013689254,0.977412731,119,14914.929986899999,125.33554610840335,0.0,5950.589996,119,9,0.07563025210084033,0,1,119
25485.000000000004,633.0,633.0,633.0,633.0,1,633.0,633.0,633.0,633.0,1,1.0006849318104818,1.0006849318104818,1.0006849318104818,1.0006849318104818,1,633.0,633.0,633.0,633.0,1,633.0,633.0,633.0,633.0,1,0.999315537,0.999315537,0.999315537,0.999315537,1,633.3499994,633.3499994,633.3499994,633.3499994,1,1,1.0,1,1,1
25490.0,0.0,0.0,0.0,0.0,9,0.0,0.0,0.0,0.0,9,0.0,0.0,0.0,0.0,9,0.0,0.0,0.0,0.0,9,0.0,0.0,0.0,0.0,9,4.41341547,0.4903794966666667,0.158795346,0.996577687,9,0.0,0.0,0.0,0.0,9,0,0.0,0,0,9
25500.0,13360.0,102.76923076923077,0.0,8616.0,130,22769.0,175.14615384615385,0.0,11003.0,130,15.692411890740967,0.12071086069800743,0.0,3.970108702211484,130,22769.0,175.14615384615385,0.0,11003.0,130,22769.0,175.14615384615385,0.0,11003.0,130,55.567419579,0.4274416890692308,0.002737851,0.999315537,130,13359.2299938,102.76330764461538,0.0,8615.809998,130,8,0.06153846153846154,0,1,130
25600.0,15345.0,150.44117647058823,0.0,5827.0,102,38128.0,373.80392156862746,0.0,14380.0,102,39.381707329035436,0.38609516989250425,0.0,20.29166673599653,102,38128.0,373.80392156862746,0.0,14380.0,102,38128.0,373.80392156862746,0.0,14380.0,102,49.516769341999996,0.4854585229607843,0.019164956,0.996577687,102,21502.7399877,210.81117634999998,0.0,11653.23,102,13,0.12745098039215685,0,2,102
25700.0,1424.0,23.733333333333334,0.0,1424.0,60,1757.0,29.283333333333335,0.0,1757.0,60,1.2339527026891544,0.02056587837815257,0.0,1.2339527026891544,60,1757.0,29.283333333333335,0.0,1757.0,60,1757.0,29.283333333333335,0.0,1757.0,60,18.644763865,0.3107460644166667,0.002737851,0.971937029,60,1424.5,23.741666666666667,0.0,1424.5,60,1,0.016666666666666666,0,1,60
25800.0,6188.0,58.37735849056604,0.0,2097.0,106,9851.0,92.93396226415095,0.0,4505.0,106,10.424635358606356,0.09834561659062599,0.0,2.788167939819893,106,9851.0,92.93396226415095,0.0,4505.0,106,9851.0,92.93396226415095,0.0,4505.0,106,49.16632444,0.46383324943396226,0.002737851,0.999315537,106,6186.249996,58.36084901886792,0.0,2097.019997,106,6,0.05660377358490566,0,1,106
25890.0,0.0,0.0,0.0,0.0,1,0.0,0.0,0.0,0.0,1,0.0,0.0,0.0,0.0,1,0.0,0.0,0.0,0.0,1,0.0,0.0,0.0,0.0,1,0.334017796,0.334017796,0.334017796,0.334017796,1,0.0,0.0,0.0,0.0,1,0,0.0,0,0,1
25900.0,3390.0,55.57377049180328,0.0,1671.0,61,8822.0,144.62295081967213,0.0,6493.0,61,11.014079226112482,0.18055867583790955,0.0,3.885638297727663,61,8822.0,144.62295081967213,0.0,6493.0,61,8822.0,144.62295081967213,0.0,6493.0,61,28.629705686,0.46933943747540985,0.049281314,0.991101985,61,3388.9899965,55.55721305737705,0.0,1670.679997,61,6,0.09836065573770492,0,1,61
25980.0,0.0,0.0,0.0,0.0,11,0.0,0.0,0.0,0.0,11,0.0,0.0,0.0,0.0,11,0.0,0.0,0.0,0.0,11,0.0,0.0,0.0,0.0,11,8.862422998,0.805674818,0.306639288,0.999315537,11,0.0,0.0,0.0,0.0,11,0,0.0,0,0,11
25990.000000000004,0.0,0.0,0.0,0.0,8,0.0,0.0,0.0,0.0,8,0.0,0.0,0.0,0.0,8,0.0,0.0,0.0,0.0,8,0.0,0.0,0.0,0.0,8,2.338124572,0.2922655715,0.10403833,0.503764545,8,0.0,0.0,0.0,0.0,8,0,0.0,0,0,8
26000.0,4257.0,74.6842105263158,0.0,3867.0,57,5746.0,100.80701754385964,0.0,5155.0,57,2.848589361784703,0.04997525196113514,0.0,1.5155601652833544,57,5746.0,100.80701754385964,0.0,5155.0,57,5746.0,100.80701754385964,0.0,5155.0,57,22.310746069,0.3914165977017544,0.002737851,0.996577687,57,4256.599999,74.67719296491228,0.0,3866.599999,57,2,0.03508771929824561,0,1,57
26065.0,0.0,0.0,0.0,0.0,1,0.0,0.0,0.0,0.0,1,0.0,0.0,0.0,0.0,1,0.0,0.0,0.0,0.0,1,0.0,0.0,0.0,0.0,1,0.046543463,0.046543463,0.046543463,0.046543463,1,0.0,0.0,0.0,0.0,1,0,0.0,0,0,1
26090.0,0.0,0.0,0.0,0.0,3,0.0,0.0,0.0,0.0,3,0.0,0.0,0.0,0.0,3,0.0,0.0,0.0,0.0,3,0.0,0.0,0.0,0.0,3,0.208076661,0.069358887,0.005475702,0.186173854,3,0.0,0.0,0.0,0.0,3,0,0.0,0,0,3
26100.0,29289.0,314.93548387096774,0.0,12312.0,93,42795.0,460.16129032258067,0.0,18737.0,93,27.517102179990335,0.295882819139681,0.0,5.293478269615312,93,42795.0,460.16129032258067,0.0,18737.0,93,42795.0,460.16129032258067,0.0,18737.0,93,46.691307325,0.5020570680107527,0.010951403,0.969199179,93,29287.3199585,314.91741890860214,0.0,12311.56998,93,14,0.15053763440860216,0,1,93
26200.0,8264.0,71.24137931034483,0.0,3409.0,116,12221.0,105.35344827586206,0.0,3449.0,116,14.402252666679356,0.12415735057482204,0.0,3.580882356627379,116,12221.0,105.35344827586206,0.0,3449.0,116,12221.0,105.35344827586206,0.0,3449.0,116,66.773442858,0.5756331280862068,0.024640657,0.996577687,116,8263.9099883,71.2406033474138,0.0,3409.149994,116,8,0.06896551724137931,0,1,116
26225.0,200.0,66.66666666666667,0.0,200.0,3,334.0,111.33333333333333,0.0,334.0,3,1.6678082202404532,0.5559360734134844,0.0,1.6678082202404532,3,334.0,111.33333333333333,0.0,334.0,3,334.0,111.33333333333333,0.0,334.0,3,1.7577002050000001,0.5859000683333334,0.539356605,0.618754278,3,200.0,66.66666666666667,0.0,200.0,3,1,0.3333333333333333,0,1,3
26300.0,4745.0,66.83098591549296,0.0,3362.0,71,5600.0,78.87323943661971,0.0,3732.0,71,3.7268358645425312,0.05249064597947227,0.0,1.503086420370094,71,5600.0,78.87323943661971,0.0,3732.0,71,5600.0,78.87323943661971,0.0,3732.0,71,31.958932239,0.45012580618309855,0.021902806,0.993839836,71,4745.0581745,66.83180527464789,0.0,3361.729996,71,3,0.04225352112676056,0,1,71
26400.0,6591.0,58.32743362831859,0.0,1638.0,113,16737.0,148.1150442477876,0.0,6799.0,113,16.823730853395407,0.14888257392385315,0.0,4.150568186428615,113,16737.0,148.1150442477876,0.0,6799.0,113,16737.0,148.1150442477876,0.0,6799.0,113,48.596851471,0.43006063248672566,0.002737851,0.999315537,113,6590.2199948,58.32053092743362,0.0,1638.16,113,7,0.061946902654867256,0,1,113
26490.0,9424.0,4712.0,0.0,9424.0,2,36618.0,18309.0,0.0,36618.0,2,3.885638297727663,1.9428191488638316,0.0,3.885638297727663,2,36618.0,18309.0,0.0,36618.0,2,36618.0,18309.0,0.0,36618.0,2,0.443531828,0.221765914,0.186173854,0.257357974,2,9424.349976,4712.174988,0.0,9424.349976,2,1,0.5,0,1,2
26500.0,16630.0,149.81981981981983,0.0,9535.0,111,36001.0,324.3333333333333,0.0,24185.0,111,16.59844093869371,0.1495355039521956,0.0,4.682692316382304,111,36001.0,324.3333333333333,0.0,24185.0,111,36001.0,324.3333333333333,0.0,24185.0,111,51.148528409,0.4607975532342342,0.005475702,0.999315537,111,16629.5999833,149.81621606576576,0.0,9535.079987,111,9,0.08108108108108109,0,1,111
26600.0,49644.0,435.4736842105263,0.0,21491.0,114,128848.0,1130.2456140350878,0.0,82627.0,114,30.55472666899889,0.2680239181491131,0.0,3.844736838817001,114,128848.0,1130.2456140350878,0.0,82627.0,114,128848.0,1130.2456140350878,0.0,82627.0,114,63.266255989,0.5549671577982456,0.005475702,0.999315537,114,51090.48263300001,448.16212835964916,0.0,21491.38995,114,18,0.15789473684210525,0,2,114
26700.0,16934.0,167.66336633663366,0.0,12449.0,101,20091.0,198.92079207920793,0.0,13218.0,101,11.524621531145176,0.1141051636747047,0.0,2.8759842516854346,101,20091.0,198.92079207920793,0.0,13218.0,101,20091.0,198.92079207920793,0.0,13218.0,101,52.479123897,0.5195952861089109,0.002737851,0.999315537,101,17621.1336294,174.4666695980198,0.0,12448.75,101,8,0.07920792079207921,0,2,101
26800.0,200.0,2.272727272727273,0.0,200.0,88,226.0,2.5681818181818183,0.0,226.0,88,1.1308049538719556,0.012850056293999495,0.0,1.1308049538719556,88,226.0,2.5681818181818183,0.0,226.0,88,226.0,2.5681818181818183,0.0,226.0,88,47.392197131,0.5385476946704546,0.008213552,0.985626283,88,200.0,2.272727272727273,0.0,200.0,88,1,0.011363636363636364,0,1,88
26900.0,200.0,3.6363636363636362,0.0,200.0,55,384.0,6.9818181818181815,0.0,384.0,55,1.922368419408501,0.03495215308015456,0.0,1.922368419408501,55,384.0,6.9818181818181815,0.0,384.0,55,384.0,6.9818181818181815,0.0,384.0,55,22.565366191,0.41027938529090907,0.002737851,0.988364134,55,200.0,3.6363636363636362,0.0,200.0,55,1,0.01818181818181818,0,1,55
26980.0,0.0,0.0,0.0,0.0,1,0.0,0.0,0.0,0.0,1,0.0,0.0,0.0,0.0,1,0.0,0.0,0.0,0.0,1,0.0,0.0,0.0,0.0,1,0.5229295,0.5229295,0.5229295,0.5229295,1,0.0,0.0,0.0,0.0,1,0,0.0,0,0,1
26990.0,0.0,0.0,0.0,0.0,2,0.0,0.0,0.0,0.0,2,0.0,0.0,0.0,0.0,2,0.0,0.0,0.0,0.0,2,0.0,0.0,0.0,0.0,2,0.164271047,0.0821355235,0.041067762,0.123203285,2,0.0,0.0,0.0,0.0,2,0,0.0,0,0,2
27000.0,37088.0,294.3492063492063,0.0,20929.0,126,63607.0,504.8174603174603,0.0,40661.0,126,14.780831791826749,0.11730818882402182,0.0,2.2971698121334327,126,63607.0,504.8174603174603,0.0,40661.0,126,63607.0,504.8174603174603,0.0,40661.0,126,71.233401785,0.565344458611111,0.010951403,0.999315537,126,38196.289907,303.1451579920635,0.0,20928.67993,126,11,0.0873015873015873,0,2,126
27100.0,11719.0,123.3578947368421,0.0,2887.0,95,22817.0,240.17894736842106,0.0,5435.0,95,17.655548212899948,0.1858478759252626,0.0,3.844736838817001,95,22817.0,240.17894736842106,0.0,5435.0,95,22817.0,240.17894736842106,0.0,5435.0,95,43.712525674,0.4601318492,0.002737851,0.993839836,95,12358.529244,130.08978151578947,0.0,2886.719994,95,9,0.09473684210526316,0,2,95
27200.000000000004,9251.0,114.20987654320987,0.0,4199.0,81,19920.0,245.92592592592592,0.0,9111.0,81,16.35868331956222,0.20195905332792866,0.0,8.90853660698535,81,19920.0,245.92592592592592,0.0,9111.0,81,19920.0,245.92592592592592,0.0,9111.0,81,29.010266942,0.3581514437283951,0.002737851,0.999315537,81,9250.8299938,114.20777770123456,0.0,4199.489998,81,5,0.06172839506172839,0,1,81
27300.0,780.0,14.716981132075471,0.0,390.0,53,1367.0,25.79245283018868,0.0,879.0,53,3.505485791303484,0.06614124134534875,0.0,2.254629627166238,53,1367.0,25.79245283018868,0.0,879.0,53,1367.0,25.79245283018868,0.0,879.0,53,19.203285426,0.3623261401132076,0.013689254,0.999315537,53,779.7199998,14.711698109433963,0.0,389.9499998,53,2,0.03773584905660377,0,1,53
27400.000000000004,33653.0,249.28148148148148,0.0,24718.0,135,188047.0,1392.9407407407407,0.0,170344.0,135,45.30137715775723,0.33556575672412764,0.0,28.096154029859463,135,188047.0,1392.9407407407407,0.0,170344.0,135,188047.0,1392.9407407407407,0.0,170344.0,135,41.787816571,0.30953938200740744,0.008213552,0.988364134,135,33652.9899759,249.28140722888892,0.0,24718.17999,135,7,0.05185185185185185,0,1,135
27500.0,14228.0,93.60526315789474,0.0,5580.0,152,25496.0,167.73684210526315,0.0,7838.0,152,30.214498112467744,0.19877959284518254,0.0,8.69642857593208,152,25496.0,167.73684210526315,0.0,7838.0,152,25496.0,167.73684210526315,0.0,7838.0,152,50.973305956,0.3353506970789473,0.005475702,0.993839836,152,14226.8999727,93.5980261361842,0.0,5579.62999,152,11,0.07236842105263158,0,1,152
27600.0,10328.0,117.36363636363636,0.0,4461.0,88,20598.0,234.0681818181818,0.0,6415.0,88,28.959708443854424,0.32908759595289117,0.0,11.068181815163223,88,20598.0,234.0681818181818,0.0,6415.0,88,20598.0,234.0681818181818,0.0,6415.0,88,50.250513348,0.5710285607727272,0.021902806,0.999315537,88,10328.959986400001,117.37454530000001,0.0,4460.769989,88,10,0.11363636363636363,0,1,88
27700.0,23994.0,164.34246575342465,0.0,20545.0,146,55923.0,383.0342465753425,0.0,46609.0,146,25.523905744096975,0.17482127221984228,0.0,6.640909103798492,146,55923.0,383.0342465753425,0.0,46609.0,146,55923.0,383.0342465753425,0.0,46609.0,146,67.14305271,0.4598839226712329,0.002737851,0.996577687,146,24814.2499165,169.96061586643836,0.0,20545.09992,146,10,0.0684931506849315,0,3,146
27800.0,4446.0,38.0,0.0,1343.0,117,9012.0,77.02564102564102,0.0,2929.0,117,12.865532579672188,0.10996181692027511,0.0,3.095338981916327,117,9012.0,77.02564102564102,0.0,2929.0,117,9012.0,77.02564102564102,0.0,2929.0,117,50.088980159,0.4281109415299145,0.002737851,0.991101985,117,5788.9499904,49.478205046153846,0.0,2686.549995,117,7,0.05982905982905983,0,2,117
27900.0,12055.0,133.94444444444446,0.0,2621.0,90,20711.0,230.12222222222223,0.0,3733.0,90,27.0004908295889,0.3000054536620989,0.0,3.4135514044692,90,20711.0,230.12222222222223,0.0,3733.0,90,20711.0,230.12222222222223,0.0,3733.0,90,46.376454482,0.5152939386888888,0.010951403,0.999315537,90,12054.1399867,133.9348887411111,0.0,2620.719994,90,14,0.15555555555555556,0,1,90
27990.0,0.0,0.0,0.0,0.0,1,0.0,0.0,0.0,0.0,1,0.0,0.0,0.0,0.0,1,0.0,0.0,0.0,0.0,1,0.0,0.0,0.0,0.0,1,0.205338809,0.205338809,0.205338809,0.205338809,1,0.0,0.0,0.0,0.0,1,0,0.0,0,0,1
28000.0,7027.0,149.51063829787233,0.0,3337.0,47,10412.0,221.53191489361703,0.0,5276.0,47,6.134446058154317,0.13052012889690037,0.0,2.0068681329074027,47,10412.0,221.53191489361703,0.0,5276.0,47,10412.0,221.53191489361703,0.0,5276.0,47,23.05817933,0.490599560212766,0.002737851,0.999315537,47,7025.919994600001,149.48765945957447,0.0,3336.689995,47,4,0.0851063829787234,0,1,47
28100.0,5786.0,74.17948717948718,0.0,1688.0,78,10076.0,129.17948717948718,0.0,3211.0,78,12.15365684463801,0.15581611339279502,0.0,2.898809525310693,78,10076.0,129.17948717948718,0.0,3211.0,78,10076.0,129.17948717948718,0.0,3211.0,78,40.813141686,0.5232454062307692,0.013689254,0.999315537,78,5786.2899955,74.18320507051283,0.0,1687.989998,78,7,0.08974358974358974,0,1,78
28200.0,4410.0,54.44444444444444,0.0,2808.0,81,10166.0,125.50617283950618,0.0,4595.0,81,17.049758204915832,0.21049084203599794,0.0,11.7822581201968,81,10166.0,125.50617283950618,0.0,4595.0,81,10166.0,125.50617283950618,0.0,4595.0,81,38.510609182,0.4754396195308642,0.008213552,0.930869268,81,4410.0199922,54.444691261728394,0.0,2807.929993,81,4,0.04938271604938271,0,1,81
28300.0,38162.0,433.65909090909093,0.0,26507.0,88,73636.0,836.7727272727273,0.0,57288.0,88,15.789966053260311,0.17943143242341264,0.0,4.34821428796604,88,73636.0,836.7727272727273,0.0,57288.0,88,73636.0,836.7727272727273,0.0,57288.0,88,47.334702259,0.5378943438522726,0.027378508,0.97467488,88,38944.064965,442.54619278409086,0.0,26507.29498,88,9,0.10227272727272728,0,3,88
28400.0,16022.0,213.62666666666667,0.0,4633.0,75,39316.0,524.2133333333334,0.0,13324.0,75,20.04646188781237,0.26728615850416493,0.0,4.743506484712525,75,39316.0,524.2133333333334,0.0,13324.0,75,39316.0,524.2133333333334,0.0,13324.0,75,32.974674881,0.43966233174666663,0.008213552,0.999315537,75,22865.2999642,304.87066618933335,0.0,9266.199982,75,10,0.13333333333333333,0,2,75
28490.000000000004,0.0,0.0,0.0,0.0,1,0.0,0.0,0.0,0.0,1,0.0,0.0,0.0,0.0,1,0.0,0.0,0.0,0.0,1,0.0,0.0,0.0,0.0,1,0.008213552,0.008213552,0.008213552,0.008213552,1,0.0,0.0,0.0,0.0,1,0,0.0,0,0,1
28500.0,11810.0,149.49367088607596,0.0,6219.0,79,24244.0,306.88607594936707,0.0,10868.0,79,10.877125363085543,0.137685131178298,0.0,3.2323008843908143,79,24244.0,306.88607594936707,0.0,10868.0,79,24244.0,306.88607594936707,0.0,10868.0,79,33.615331965,0.4255105312025317,0.008213552,0.999315537,79,11810.0399937,149.49417713544304,0.0,6218.949997,79,6,0.0759493670886076,0,1,79
28530.000000000004,0.0,0.0,0.0,0.0,1,0.0,0.0,0.0,0.0,1,0.0,0.0,0.0,0.0,1,0.0,0.0,0.0,0.0,1,0.0,0.0,0.0,0.0,1,0.637919233,0.637919233,0.637919233,0.637919233,1,0.0,0.0,0.0,0.0,1,0,0.0,0,0,1
28600.0,5509.0,100.16363636363636,0.0,3393.0,55,9793.0,178.05454545454546,0.0,3539.0,55,9.510688953772688,0.17292161734132158,0.0,3.927419357974311,55,9793.0,178.05454545454546,0.0,3539.0,55,9793.0,178.05454545454546,0.0,3539.0,55,24.09034908,0.4380063469090909,0.002737851,0.982888433,55,5509.535447599999,100.17337177454544,0.0,3393.009995,55,4,0.07272727272727272,0,1,55
28700.0,6058.0,195.41935483870967,0.0,3777.0,31,8532.0,275.2258064516129,0.0,5109.0,31,4.149919840469872,0.13386838195064105,0.0,1.7228773581106391,31,8532.0,275.2258064516129,0.0,5109.0,31,8532.0,275.2258064516129,0.0,5109.0,31,13.694729642,0.4417654723225807,0.002737851,0.996577687,31,6057.1099966,195.39064505161292,0.0,3776.75,31,3,0.0967741935483871,0,1,31
28800.0,19114.0,205.5268817204301,0.0,12819.0,93,68753.0,739.2795698924731,0.0,54443.0,93,14.121152329512999,0.15184034762917203,0.0,4.247093017724716,93,68753.0,739.2795698924731,0.0,54443.0,93,68753.0,739.2795698924731,0.0,54443.0,93,38.001368932,0.4086168702365591,0.005475702,0.993839836,93,19112.4299686,205.5099996623656,0.0,12818.62994,93,7,0.07526881720430108,0,1,93
28830.0,0.0,0.0,0.0,0.0,1,0.0,0.0,0.0,0.0,1,0.0,0.0,0.0,0.0,1,0.0,0.0,0.0,0.0,1,0.0,0.0,0.0,0.0,1,0.024640657,0.024640657,0.024640657,0.024640657,1,0.0,0.0,0.0,0.0,1,0,0.0,0,0,1
28900.0,15688.0,178.27272727272728,0.0,10770.0,88,32103.0,364.8068181818182,0.0,15426.0,88,28.554216482892635,0.3244797327601436,0.0,18.26249991416625,88,32103.0,364.8068181818182,0.0,15426.0,88,32103.0,364.8068181818182,0.0,15426.0,88,39.345653669,0.4471097007840909,0.002737851,0.999315537,88,15687.799976100001,178.27045427386363,0.0,10769.84998,88,8,0.09090909090909091,0,1,88
28990.0,0.0,0.0,0.0,0.0,2,0.0,0.0,0.0,0.0,2,0.0,0.0,0.0,0.0,2,0.0,0.0,0.0,0.0,2,0.0,0.0,0.0,0.0,2,1.106091718,0.553045859,0.5229295,0.583162218,2,0.0,0.0,0.0,0.0,2,0,0.0,0,0,2
29000.0,5257.0,60.42528735632184,0.0,1123.0,87,26066.0,299.60919540229884,0.0,19561.0,87,29.965756751145502,0.3444339856453506,0.0,20.29166673599653,87,26066.0,299.60919540229884,0.0,19561.0,87,26066.0,299.60919540229884,0.0,19561.0,87,44.262833682,0.5087682032413793,0.002737851,0.969199179,87,5255.8599958,60.41218385977012,0.0,1122.769999,87,8,0.09195402298850575,0,1,87
29100.0,8875.0,106.92771084337349,0.0,4642.0,83,12763.0,153.7710843373494,0.0,6864.0,83,8.068792021375877,0.09721436170332383,0.0,1.6988372099759343,83,12763.0,153.7710843373494,0.0,6864.0,83,12763.0,153.7710843373494,0.0,6864.0,83,46.453114312,0.5596760760481927,0.002737851,0.999315537,83,8874.2899833,106.9191564253012,0.0,4641.689987,83,6,0.07228915662650602,0,1,83
29200.0,11340.0,91.45161290322581,0.0,2852.0,124,41633.0,335.75,0.0,9238.0,124,33.71681090026051,0.27190976532468153,0.0,8.301136338402797,124,41633.0,335.75,0.0,9238.0,124,41633.0,335.75,0.0,9238.0,124,42.663928823,0.34406394212096775,0.002737851,0.999315537,124,11340.032712299999,91.45187671209676,0.0,2852.399994,124,8,0.06451612903225806,0,1,124
29290.0,0.0,0.0,0.0,0.0,1,0.0,0.0,0.0,0.0,1,0.0,0.0,0.0,0.0,1,0.0,0.0,0.0,0.0,1,0.0,0.0,0.0,0.0,1,0.109514032,0.109514032,0.109514032,0.109514032,1,0.0,0.0,0.0,0.0,1,0,0.0,0,0,1
29300.0,1792.0,25.971014492753625,0.0,459.0,69,4085.0,59.20289855072464,0.0,1181.0,69,11.375936574297489,0.16486864600431145,0.0,2.57218309708809,69,4085.0,59.20289855072464,0.0,1181.0,69,4085.0,59.20289855072464,0.0,1181.0,69,28.993839835,0.4202005773188406,0.013689254,0.873374401,69,1791.8499994,25.968840571014493,0.0,458.75,69,5,0.07246376811594203,0,1,69
29400.0,8566.0,150.28070175438597,0.0,6232.0,57,16294.0,285.859649122807,0.0,13589.0,57,6.873630031867561,0.12059000055908002,0.0,2.180597014186574,57,16294.0,285.859649122807,0.0,13589.0,57,16294.0,285.859649122807,0.0,13589.0,57,31.082819987,0.5453126313508772,0.010951403,0.982888433,57,14796.3399785,259.5849119035088,0.0,12463.36998,57,6,0.10526315789473684,0,2,57
29500.0,14125.0,144.1326530612245,0.0,5554.0,98,27319.0,278.765306122449,0.0,11106.0,98,13.853307361815348,0.14136027920219743,0.0,4.374251496537786,98,27319.0,278.765306122449,0.0,11106.0,98,27319.0,278.765306122449,0.0,11106.0,98,42.225872693,0.4308762519693877,0.002737851,0.993839836,98,15892.5599743,162.16897932959185,0.0,5554.439987,98,10,0.10204081632653061,0,4,98
29600.0,1197.0,15.151898734177216,0.0,689.0,79,2777.0,35.151898734177216,0.0,1353.0,79,7.391730506294942,0.0935662089404423,0.0,3.804687493698486,79,2777.0,35.151898734177216,0.0,1353.0,79,2777.0,35.151898734177216,0.0,1353.0,79,31.403148529,0.3975082092278481,0.002737851,0.977412731,79,1196.5299995,15.145949360759493,0.0,689.0199995,79,3,0.0379746835443038,0,1,79
29700.000000000004,2783.0,45.622950819672134,0.0,1998.0,61,11296.0,185.18032786885246,0.0,8200.0,61,13.47069752491222,0.2208311069657741,0.0,6.1906779829949015,61,11296.0,185.18032786885246,0.0,8200.0,61,11296.0,185.18032786885246,0.0,8200.0,61,21.108829575,0.34604638647540986,0.013689254,0.988364134,61,3367.298175,55.20160942622951,0.0,1997.839996,61,4,0.06557377049180328,0,2,61
29800.0,4239.0,68.37096774193549,0.0,1508.0,62,9253.0,149.24193548387098,0.0,3041.0,62,10.772736281767095,0.17375381099624346,0.0,3.4135514044692,62,9253.0,149.24193548387098,0.0,3041.0,62,9253.0,149.24193548387098,0.0,3041.0,62,28.240930873,0.4554988850483871,0.046543463,0.993839836,62,4239.5399968,68.37967736774193,0.0,1508.399998,62,5,0.08064516129032258,0,1,62
29900.000000000004,36038.0,434.1927710843373,0.0,28013.0,83,56912.0,685.6867469879518,0.0,44680.0,83,15.26076898643635,0.18386468658357047,0.0,2.746240599155001,83,56912.0,685.6867469879518,0.0,44680.0,83,56912.0,685.6867469879518,0.0,44680.0,83,41.577002056,0.5009277356144578,0.027378508,0.993839836,83,36036.4599485,434.17421624698795,0.0,28012.82996,83,9,0.10843373493975904,0,1,83
29980.000000000004,0.0,0.0,0.0,0.0,2,0.0,0.0,0.0,0.0,2,0.0,0.0,0.0,0.0,2,0.0,0.0,0.0,0.0,2,0.0,0.0,0.0,0.0,2,0.873374402,0.436687201,0.27652293,0.596851472,2,0.0,0.0,0.0,0.0,2,0,0.0,0,0,2
29990.0,3126.0,130.25,0.0,2926.0,24,11857.0,494.0416666666667,0.0,11617.0,24,5.167649685926016,0.21531873691358402,0.0,3.970108702211484,24,11857.0,494.0416666666667,0.0,11617.0,24,11857.0,494.0416666666667,0.0,11617.0,24,12.969199177,0.5403832990416667,0.030116359,0.999315537,24,3125.719994,130.23833308333334,0.0,2925.719994,24,2,0.08333333333333333,0,1,24
30000.0,11950.0,189.68253968253967,0.0,6372.0,63,21331.0,338.58730158730157,0.0,10390.0,63,10.520804530131144,0.16699689730366896,0.0,2.1112716770755244,63,21331.0,338.58730158730157,0.0,10390.0,63,21331.0,338.58730158730157,0.0,10390.0,63,32.520191655,0.5161935183333333,0.002737851,0.993839836,63,11949.359992400001,189.67238083174604,0.0,6372.029999,63,6,0.09523809523809523,0,1,63
30100.0,4903.0,108.95555555555555,0.0,1999.0,45,9865.0,219.22222222222223,0.0,5388.0,45,9.815396752398547,0.2181199278310788,0.0,3.3204545408738277,45,9865.0,219.22222222222223,0.0,5388.0,45,9865.0,219.22222222222223,0.0,5388.0,45,21.889117045,0.4864248232222222,0.010951403,0.980150582,45,6901.3999975,153.36444438888887,0.0,3997.82,45,6,0.13333333333333333,0,2,45
30200.0,4624.0,55.71084337349398,0.0,3097.0,83,8525.0,102.71084337349397,0.0,5954.0,83,8.570502403805111,0.10325906510608568,0.0,2.17410714398302,83,8525.0,102.71084337349397,0.0,5954.0,83,8525.0,102.71084337349397,0.0,5954.0,83,50.102669406,0.6036466193493976,0.008213552,0.999315537,83,4623.7999941,55.708433663855416,0.0,3096.799995,83,5,0.060240963855421686,0,1,83
30245.000000000004,0.0,0.0,0.0,0.0,4,0.0,0.0,0.0,0.0,4,0.0,0.0,0.0,0.0,4,0.0,0.0,0.0,0.0,4,0.0,0.0,0.0,0.0,4,2.0479123880000003,0.5119780970000001,0.164271047,0.703627652,4,0.0,0.0,0.0,0.0,4,0,0.0,0,0,4
30300.0,1305.0,40.78125,0.0,905.0,32,4371.0,136.59375,0.0,3467.0,32,8.35166329286531,0.2609894779020409,0.0,3.831293706879787,32,4371.0,136.59375,0.0,3467.0,32,4371.0,136.59375,0.0,3467.0,32,13.656399727,0.42676249146875,0.002737851,0.919917865,32,3116.139998,97.3793749375,0.0,2716.139998,32,5,0.15625,0,3,32
30400.0,13187.0,122.10185185185185,0.0,4782.0,108,16542.0,153.16666666666666,0.0,5168.0,108,14.334661568753482,0.13272834785882853,0.0,4.058333330729236,108,16542.0,153.16666666666666,0.0,5168.0,108,16542.0,153.16666666666666,0.0,5168.0,108,67.641341544,0.626308718,0.002737851,0.999315537,108,13187.1099754,122.1028701425926,0.0,4782.109985,108,9,0.08333333333333333,0,1,108
30500.0,26304.0,548.0,0.0,18604.0,48,45819.0,954.5625,0.0,33309.0,48,18.408458698890783,0.3835095562268913,0.0,5.987704918572662,48,45819.0,954.5625,0.0,33309.0,48,45819.0,954.5625,0.0,33309.0,48,25.538672141,0.5320556696041666,0.032854209,0.999315537,48,26303.948174600002,547.9989203041667,0.0,18604.31,48,8,0.16666666666666666,0,1,48
30600.0,2551.0,43.23728813559322,0.0,2161.0,59,3181.0,53.91525423728814,0.0,2712.0,59,2.4566349028364685,0.04163787970909268,0.0,1.255154639262601,59,3181.0,53.91525423728814,0.0,2712.0,59,3181.0,53.91525423728814,0.0,2712.0,59,23.958932245,0.40608359737288136,0.041067762,0.832306639,59,2551.1399988000003,43.239660996610176,0.0,2161.189999,59,2,0.03389830508474576,0,1,59
30700.0,11281.0,417.81481481481484,0.0,9372.0,27,18267.0,676.5555555555555,0.0,15560.0,27,4.5887556906156055,0.16995391446724464,0.0,1.660227273193268,27,18267.0,676.5555555555555,0.0,15560.0,27,18267.0,676.5555555555555,0.0,15560.0,27,12.525667354,0.46391360570370366,0.008213552,0.966461328,27,11280.6999824,417.8037030518518,0.0,9371.889984,27,3,0.1111111111111111,0,1,27
30800.0,6172.0,92.11940298507463,0.0,2404.0,67,7217.0,107.71641791044776,0.0,2494.0,67,6.938210704274023,0.10355538364588093,0.0,2.254629627166238,67,7217.0,107.71641791044776,0.0,2494.0,67,7217.0,107.71641791044776,0.0,2494.0,67,33.007529097,0.4926496880149254,0.010951403,0.996577687,67,6172.269994,92.12343274626866,0.0,2404.239998,67,5,0.07462686567164178,0,1,67
30900.0,3293.0,143.17391304347825,0.0,2226.0,23,8814.0,383.2173913043478,0.0,7132.0,23,6.272788518391934,0.272729935582258,0.0,3.203947365680835,23,8814.0,383.2173913043478,0.0,7132.0,23,8814.0,383.2173913043478,0.0,7132.0,23,12.974674884,0.5641162993043478,0.002737851,0.884325804,23,3292.9399987,143.17130429130435,0.0,2226.119999,23,3,0.13043478260869565,0,1,23
30990.000000000004,838.0,119.71428571428571,0.0,838.0,7,862.0,123.14285714285714,0.0,862.0,7,1.0288732398938163,0.14698189141340232,0.0,1.0288732398938163,7,862.0,123.14285714285714,0.0,862.0,7,862.0,123.14285714285714,0.0,862.0,7,4.736481861,0.6766402658571428,0.084873374,0.999315537,7,837.8499985,119.69285692857143,0.0,837.8499985,7,1,0.14285714285714285,0,1,7
31000.0,5613.0,71.96153846153847,0.0,2900.0,78,10321.0,132.32051282051282,0.0,4058.0,78,14.690886028373468,0.1883446926714547,0.0,4.682692316382304,78,10321.0,132.32051282051282,0.0,4058.0,78,10321.0,132.32051282051282,0.0,4058.0,78,30.967830259,0.39702346485897433,0.002737851,0.999315537,78,5613.009978,71.96166638461538,0.0,2900.189995,78,7,0.08974358974358974,0,1,78
31040.0,0.0,0.0,0.0,0.0,5,0.0,0.0,0.0,0.0,5,0.0,0.0,0.0,0.0,5,0.0,0.0,0.0,0.0,5,0.0,0.0,0.0,0.0,5,0.69267625,0.13853525,0.06844627,0.194387406,5,0.0,0.0,0.0,0.0,5,0,0.0,0,0,5
31100.0,3966.0,55.083333333333336,0.0,1955.0,72,8969.0,124.56944444444444,0.0,3945.0,72,14.683491551824417,0.203937382664228,0.0,6.891509420569332,72,8969.0,124.56944444444444,0.0,3945.0,72,8969.0,124.56944444444444,0.0,3945.0,72,30.710472284,0.4265343372777778,0.005475702,0.999315537,72,3966.2799958,55.08722216388889,0.0,1955.269997,72,6,0.08333333333333333,0,1,72
31200.0,200.0,4.081632653061225,0.0,200.0,49,913.0,18.632653061224488,0.0,913.0,49,4.565624999386494,0.09317602039564274,0.0,4.565624999386494,49,913.0,18.632653061224488,0.0,913.0,49,913.0,18.632653061224488,0.0,913.0,49,20.777549625,0.42403162499999997,0.005475702,0.996577687,49,200.0,4.081632653061225,0.0,200.0,49,1,0.02040816326530612,0,1,49
31290.0,0.0,0.0,0.0,0.0,8,0.0,0.0,0.0,0.0,8,0.0,0.0,0.0,0.0,8,0.0,0.0,0.0,0.0,8,0.0,0.0,0.0,0.0,8,2.078028748,0.2597535935,0.060232717,0.533880904,8,0.0,0.0,0.0,0.0,8,0,0.0,0,0,8
31300.0,2440.0,61.0,0.0,1389.0,40,8648.0,216.2,0.0,5455.0,40,11.912852549133783,0.2978213137283446,0.0,5.534090907581612,40,8648.0,216.2,0.0,5455.0,40,8648.0,216.2,0.0,5455.0,40,10.130047915,0.253251197875,0.010951403,0.810403833,40,2440.1999989,61.0049999725,0.0,1389.369999,40,3,0.075,0,1,40
31400.0,11098.0,132.11904761904762,0.0,9571.0,84,25818.0,307.35714285714283,0.0,22481.0,84,8.265670867154014,0.0984008436565954,0.0,2.8759842516854346,84,25818.0,307.35714285714283,0.0,22481.0,84,25818.0,307.35714285714283,0.0,22481.0,84,36.539356606,0.43499234054761904,0.032854209,0.950034223,84,20668.9326783,246.05872236071428,0.0,19142.13268,84,5,0.05952380952380952,0,2,84
31440.0,0.0,0.0,0.0,0.0,6,0.0,0.0,0.0,0.0,6,0.0,0.0,0.0,0.0,6,0.0,0.0,0.0,0.0,6,0.0,0.0,0.0,0.0,6,2.414784395,0.40246406583333333,0.257357974,0.62422998,6,0.0,0.0,0.0,0.0,6,0,0.0,0,0,6
31490.0,0.0,0.0,0.0,0.0,5,0.0,0.0,0.0,0.0,5,0.0,0.0,0.0,0.0,5,0.0,0.0,0.0,0.0,5,0.0,0.0,0.0,0.0,5,0.59137577,0.118275154,0.008213552,0.24366872,5,0.0,0.0,0.0,0.0,5,0,0.0,0,0,5
31500.0,19819.0,238.78313253012047,0.0,6408.0,83,41678.0,502.144578313253,0.0,15708.0,83,19.481809109788816,0.23472059168420262,0.0,5.891129025392999,83,41678.0,502.144578313253,0.0,15708.0,83,41678.0,502.144578313253,0.0,15708.0,83,31.455167699,0.37897792408433734,0.005475702,0.982888433,83,19817.3899663,238.76373453373495,0.0,6407.949982,83,7,0.08433734939759036,0,1,83
31505.0,0.0,0.0,0.0,0.0,1,0.0,0.0,0.0,0.0,1,0.0,0.0,0.0,0.0,1,0.0,0.0,0.0,0.0,1,0.0,0.0,0.0,0.0,1,0.547570157,0.547570157,0.547570157,0.547570157,1,0.0,0.0,0.0,0.0,1,0,0.0,0,0,1
31600.0,2308.0,54.95238095238095,0.0,1585.0,42,12268.0,292.0952380952381,0.0,9131.0,42,49.300468304415816,1.1738206739146624,0.0,45.6562506192129,42,12268.0,292.0952380952381,0.0,9131.0,42,12268.0,292.0952380952381,0.0,9131.0,42,16.750171118,0.39881359804761907,0.016427105,0.87063655,42,2308.4999994,54.9642857,0.0,1585.07,42,3,0.07142857142857142,0,1,42
31620.0,1317.0,1317.0,1317.0,1317.0,1,1363.0,1363.0,1363.0,1363.0,1,1.03470254942265,1.03470254942265,1.03470254942265,1.03470254942265,1,1363.0,1363.0,1363.0,1363.0,1,1363.0,1363.0,1363.0,1363.0,1,0.966461328,0.966461328,0.966461328,0.966461328,1,1317.439999,1317.439999,1317.439999,1317.439999,1,1,1.0,1,1,1
31700.0,4129.0,79.40384615384616,0.0,3227.0,52,70453.0,1354.8653846153845,0.0,69333.0,52,24.011174338995335,0.4617533526729872,0.0,21.485294293636898,52,70453.0,1354.8653846153845,0.0,69333.0,52,70453.0,1354.8653846153845,0.0,69333.0,52,20.68172485,0.3977254778846154,0.002737851,0.993839836,52,4128.539993,79.39499986538462,0.0,3226.539993,52,3,0.057692307692307696,0,1,52
31800.0,3044.0,58.53846153846154,0.0,1106.0,52,12526.0,240.8846153846154,0.0,5690.0,52,19.449851744640945,0.37403561047386436,0.0,6.40789473136167,52,12526.0,240.8846153846154,0.0,5690.0,52,12526.0,240.8846153846154,0.0,5690.0,52,23.099247095,0.44421629028846155,0.019164956,0.996577687,52,4150.5599968999995,79.81846147884615,0.0,2212.689998,52,6,0.11538461538461539,0,2,52
31900.0,369.0,4.010869565217392,0.0,369.0,92,936.0,10.173913043478262,0.0,936.0,92,2.536458335565945,0.027570199299629835,0.0,2.536458335565945,92,936.0,10.173913043478262,0.0,936.0,92,936.0,10.173913043478262,0.0,936.0,92,51.14031485,0.5558729875,0.002737851,0.999315537,92,369.1799998,4.012826084782609,0.0,369.1799998,92,1,0.010869565217391304,0,1,92
31930.0,0.0,0.0,0.0,0.0,4,0.0,0.0,0.0,0.0,4,0.0,0.0,0.0,0.0,4,0.0,0.0,0.0,0.0,4,0.0,0.0,0.0,0.0,4,1.270362765,0.31759069125,0.240930869,0.38329911,4,0.0,0.0,0.0,0.0,4,0,0.0,0,0,4
31990.0,17646.0,588.2,0.0,14277.0,30,28092.0,936.4,0.0,21638.0,30,9.136083039590003,0.3045361013196668,0.0,2.705555557479506,30,28092.0,936.4,0.0,21638.0,30,28092.0,936.4,0.0,21638.0,30,14.264202602000001,0.4754734200666667,0.145106092,0.703627652,30,17646.369997499998,588.2123332499999,0.0,14276.75,30,5,0.16666666666666666,0,1,30
32000.0,6662.0,109.21311475409836,0.0,2067.0,61,17931.0,293.95081967213116,0.0,4853.0,61,21.508944367720886,0.3526056453724735,0.0,10.43571423666643,61,17931.0,293.95081967213116,0.0,4853.0,61,17931.0,293.95081967213116,0.0,4853.0,61,27.414099933,0.4494114743114754,0.005475702,0.999315537,61,6662.1099937,109.21491792950819,0.0,2067.32,61,6,0.09836065573770492,0,1,61
32100.0,9984.0,249.6,0.0,6459.0,40,14702.0,367.55,0.0,8220.0,40,10.919937762406581,0.27299844406016455,0.0,7.161764713254758,40,14702.0,367.55,0.0,8220.0,40,14702.0,367.55,0.0,8220.0,40,22.658453115,0.566461327875,0.027378508,0.996577687,40,9983.669991,249.591749775,0.0,6458.949997,40,4,0.1,0,1,40
32190.0,0.0,0.0,0.0,0.0,1,0.0,0.0,0.0,0.0,1,0.0,0.0,0.0,0.0,1,0.0,0.0,0.0,0.0,1,0.0,0.0,0.0,0.0,1,0.169746749,0.169746749,0.169746749,0.169746749,1,0.0,0.0,0.0,0.0,1,0,0.0,0,0,1
32200.000000000004,6147.0,58.542857142857144,0.0,1804.0,105,13091.0,124.67619047619047,0.0,3610.0,105,17.184697958426522,0.16366379008025259,0.0,5.707031245976098,105,13091.0,124.67619047619047,0.0,3610.0,105,13091.0,124.67619047619047,0.0,3610.0,105,48.917180016,0.46587790491428577,0.046543463,0.999315537,105,8368.2100049,79.69723814190476,0.0,3608.179998,105,9,0.08571428571428572,0,2,105
32300.0,5549.0,120.6304347826087,0.0,2639.0,46,6662.0,144.82608695652175,0.0,2794.0,46,3.6984108180540076,0.08040023517508713,0.0,1.4727822585173371,46,6662.0,144.82608695652175,0.0,2794.0,46,6662.0,144.82608695652175,0.0,2794.0,46,27.564681724,0.5992322113913043,0.002737851,0.999315537,46,5548.739995,120.6247825,0.0,2639.439995,46,3,0.06521739130434782,0,1,46
32390.0,0.0,0.0,0.0,0.0,1,0.0,0.0,0.0,0.0,1,0.0,0.0,0.0,0.0,1,0.0,0.0,0.0,0.0,1,0.0,0.0,0.0,0.0,1,0.358658453,0.358658453,0.358658453,0.358658453,1,0.0,0.0,0.0,0.0,1,0,0.0,0,0,1
32400.000000000004,11881.0,264.02222222222224,0.0,7438.0,45,19856.0,441.24444444444447,0.0,10330.0,45,10.57264157584102,0.23494759057424489,0.0,3.043749994958789,45,19856.0,441.24444444444447,0.0,10330.0,45,19856.0,441.24444444444447,0.0,10330.0,45,19.668720055,0.43708266788888894,0.002737851,0.889801506,45,11880.3899921,264.0086664911111,0.0,7437.949997,45,5,0.1111111111111111,0,1,45
32490.0,1044.0,69.6,0.0,1044.0,15,2354.0,156.93333333333334,0.0,2354.0,15,2.254629629707916,0.15030864198052774,0.0,2.254629629707916,15,2354.0,156.93333333333334,0.0,2354.0,15,2354.0,156.93333333333334,0.0,2354.0,15,9.70568104,0.6470454026666667,0.421629021,0.999315537,15,2087.769997,139.18466646666667,0.0,2087.769997,15,2,0.13333333333333333,0,2,15
32500.0,28641.0,987.6206896551724,0.0,26878.0,29,227461.0,7843.482758620689,0.0,223118.0,29,16.140880243181,0.556582077351069,0.0,8.301136338402797,29,227461.0,7843.482758620689,0.0,223118.0,29,227461.0,7843.482758620689,0.0,223118.0,29,12.917180013,0.44542000044827584,0.043805613,0.933607118,29,28641.0999083,987.6241347689655,0.0,26878.08991,29,4,0.13793103448275862,0,1,29
32600.0,3214.0,73.04545454545455,0.0,1979.0,44,5570.0,126.5909090909091,0.0,3301.0,44,8.915071414336888,0.20261525941674743,0.0,2.3264331187445384,44,5570.0,126.5909090909091,0.0,3301.0,44,5570.0,126.5909090909091,0.0,3301.0,44,17.538672141,0.39860618502272727,0.002737851,0.980150582,44,3213.6599979000002,73.03772722500001,0.0,1979.029999,44,5,0.11363636363636363,0,1,44
32700.0,0.0,0.0,0.0,0.0,47,0.0,0.0,0.0,0.0,47,0.0,0.0,0.0,0.0,47,0.0,0.0,0.0,0.0,47,0.0,0.0,0.0,0.0,47,17.787816566,0.37846418225531914,0.002737851,0.999315537,47,0.0,0.0,0.0,0.0,47,0,0.0,0,0,47
32800.0,6500.0,97.01492537313433,0.0,4984.0,67,10478.0,156.38805970149255,0.0,7029.0,67,11.92950743931875,0.17805234984057836,0.0,4.623417725440113,67,10478.0,156.38805970149255,0.0,7029.0,67,10478.0,156.38805970149255,0.0,7029.0,67,27.096509243,0.4044255110895522,0.005475702,0.999315537,67,6499.8199868,97.01223860895523,0.0,4983.829987,67,6,0.08955223880597014,0,1,67
32900.0,3940.0,74.33962264150944,0.0,3160.0,53,4961.0,93.60377358490567,0.0,3939.0,53,3.8148685294626974,0.07197865149929618,0.0,1.567596567510922,53,4961.0,93.60377358490567,0.0,3939.0,53,4961.0,93.60377358490567,0.0,3939.0,53,24.161533199,0.4558779848867925,0.002737851,0.999315537,53,3939.1399987,74.3233962018868,0.0,3159.529999,53,3,0.05660377358490566,0,1,53
32990.0,0.0,0.0,0.0,0.0,10,0.0,0.0,0.0,0.0,10,0.0,0.0,0.0,0.0,10,0.0,0.0,0.0,0.0,10,0.0,0.0,0.0,0.0,10,4.9363449710000005,0.49363449710000007,0.030116359,0.996577687,10,0.0,0.0,0.0,0.0,10,0,0.0,0,0,10
33000.0,18418.0,245.57333333333332,0.0,5145.0,75,28390.0,378.53333333333336,0.0,7997.0,75,17.14068340823684,0.22854244544315785,0.0,2.4029605271477354,75,28390.0,378.53333333333336,0.0,7997.0,75,28390.0,378.53333333333336,0.0,7997.0,75,40.542094452,0.54056125936,0.030116359,0.999315537,75,19667.4299724,262.232399632,0.0,5145.469986,75,12,0.16,0,2,75
33100.0,2032.0,45.15555555555556,0.0,1127.0,45,3849.0,85.53333333333333,0.0,2038.0,45,6.184947508294059,0.1374432779620902,0.0,3.043749994958789,45,3849.0,85.53333333333333,0.0,2038.0,45,3849.0,85.53333333333333,0.0,2038.0,45,19.488021901,0.43306715335555557,0.019164956,0.944558522,45,2031.7599988000002,45.15022219555556,0.0,1127.289999,45,3,0.06666666666666667,0,1,45
33200.0,1206.0,18.553846153846155,0.0,480.0,65,6076.0,93.47692307692307,0.0,2229.0,65,15.48537961925842,0.2382366095270526,0.0,6.297413779368571,65,6076.0,93.47692307692307,0.0,2229.0,65,6076.0,93.47692307692307,0.0,2229.0,65,24.298425738,0.3738219344307692,0.090349076,0.999315537,65,2056.9599991,31.645538447692307,0.0,959.4199991,65,5,0.07692307692307693,0,2,65
33300.0,5459.0,176.09677419354838,0.0,3689.0,31,9130.0,294.51612903225805,0.0,5009.0,31,9.50967600839957,0.3067637422064377,0.0,5.293478269615312,31,9130.0,294.51612903225805,0.0,5009.0,31,9130.0,294.51612903225805,0.0,5009.0,31,16.257357975,0.5244309024193549,0.002737851,0.988364134,31,5459.579993,176.1154836451613,0.0,3689.469994,31,4,0.12903225806451613,0,1,31
33340.0,0.0,0.0,0.0,0.0,2,0.0,0.0,0.0,0.0,2,0.0,0.0,0.0,0.0,2,0.0,0.0,0.0,0.0,2,0.0,0.0,0.0,0.0,2,0.66255989,0.331279945,0.331279945,0.331279945,2,0.0,0.0,0.0,0.0,2,0,0.0,0,0,2
33400.0,4605.0,79.39655172413794,0.0,1928.0,58,8991.0,155.01724137931035,0.0,2428.0,58,16.82925549890699,0.2901595775673619,0.0,7.305000019029524,58,8991.0,155.01724137931035,0.0,2428.0,58,8991.0,155.01724137931035,0.0,2428.0,58,28.618754278,0.49342679789655175,0.030116359,0.878850103,58,4604.7199915,79.39172399137931,0.0,1927.929993,58,6,0.10344827586206896,0,1,58
33490.0,0.0,0.0,0.0,0.0,1,0.0,0.0,0.0,0.0,1,0.0,0.0,0.0,0.0,1,0.0,0.0,0.0,0.0,1,0.0,0.0,0.0,0.0,1,0.402464066,0.402464066,0.402464066,0.402464066,1,0.0,0.0,0.0,0.0,1,0,0.0,0,0,1
33500.0,2185.0,56.02564102564103,0.0,839.0,39,5924.0,151.89743589743588,0.0,1835.0,39,13.127066600955631,0.33659145130655466,0.0,5.534090907581612,39,5924.0,151.89743589743588,0.0,1835.0,39,5924.0,151.89743589743588,0.0,1835.0,39,9.853524983,0.25265448674358976,0.016427105,0.914442163,39,3779.5199988,96.9107692,0.0,1677.59,39,6,0.15384615384615385,0,2,39
33588.0,200.0,50.0,0.0,200.0,4,745.0,186.25,0.0,745.0,4,3.727040818256605,0.9317602045641512,0.0,3.727040818256605,4,745.0,186.25,0.0,745.0,4,745.0,186.25,0.0,745.0,4,1.954825462,0.4887063655,0.052019165,0.999315537,4,200.0,50.0,0.0,200.0,4,1,0.25,0,1,4
33600.0,6884.0,237.3793103448276,0.0,3853.0,29,12764.0,440.13793103448273,0.0,7521.0,29,5.298549356758231,0.18270859850890453,0.0,2.8096153871980696,29,12764.0,440.13793103448273,0.0,7521.0,29,12764.0,440.13793103448273,0.0,7521.0,29,13.448323069,0.46373527824137933,0.005475702,0.884325804,29,6883.519993,237.36275837931035,0.0,3852.559998,29,3,0.10344827586206896,0,1,29
33680.0,0.0,0.0,0.0,0.0,2,0.0,0.0,0.0,0.0,2,0.0,0.0,0.0,0.0,2,0.0,0.0,0.0,0.0,2,0.0,0.0,0.0,0.0,2,1.201916496,0.600958248,0.27652293,0.925393566,2,0.0,0.0,0.0,0.0,2,0,0.0,0,0,2
33700.0,1426.0,64.81818181818181,0.0,1426.0,22,5454.0,247.9090909090909,0.0,5454.0,22,3.824607332345947,0.1738457878339067,0.0,3.824607332345947,22,5454.0,247.9090909090909,0.0,5454.0,22,5454.0,247.9090909090909,0.0,5454.0,22,9.563312802,0.43469603645454546,0.082135524,0.969199179,22,2851.749998,129.6249999090909,0.0,2851.749998,22,2,0.09090909090909091,0,2,22
33800.0,7428.0,232.125,0.0,5760.0,32,10755.0,336.09375,0.0,5960.0,32,13.117581653003425,0.40992442665635703,0.0,7.940217404422968,32,10755.0,336.09375,0.0,5960.0,32,10755.0,336.09375,0.0,5960.0,32,17.530458592,0.547826831,0.021902806,0.999315537,32,7428.3099961,232.134687378125,0.0,5760.449997,32,5,0.15625,0,1,32
33900.0,5591.0,79.87142857142857,0.0,3016.0,70,44850.0,640.7142857142857,0.0,40800.0,70,18.376932554756777,0.26252760792509683,0.0,13.527777823997685,70,44850.0,640.7142857142857,0.0,40800.0,70,44850.0,640.7142857142857,0.0,40800.0,70,34.973305962,0.4996186566,0.005475702,0.999315537,70,5590.4999962,79.86428566000001,0.0,3015.75,70,4,0.05714285714285714,0,1,70
33950.0,0.0,0.0,0.0,0.0,2,0.0,0.0,0.0,0.0,2,0.0,0.0,0.0,0.0,2,0.0,0.0,0.0,0.0,2,0.0,0.0,0.0,0.0,2,0.235455168,0.117727584,0.079397673,0.156057495,2,0.0,0.0,0.0,0.0,2,0,0.0,0,0,2
33990.0,5697.0,299.8421052631579,0.0,5343.0,19,13408.0,705.6842105263158,0.0,13010.0,19,3.5588461540301473,0.18730769231737618,0.0,2.43500000041395,19,13408.0,705.6842105263158,0.0,13010.0,19,13408.0,705.6842105263158,0.0,13010.0,19,10.324435319,0.5433913325789475,0.156057495,0.889801506,19,5696.399990000001,299.81052578947373,0.0,5342.62999,19,2,0.10526315789473684,0,1,19
34000.0,27187.0,405.7761194029851,0.0,20891.0,67,1919502.0,28649.283582089553,0.0,1907609.0,67,105.05131104996748,1.5679300156711564,0.0,91.3125012384258,67,1919502.0,28649.283582089553,0.0,1907609.0,67,1919502.0,28649.283582089553,0.0,1907609.0,67,29.83162218,0.44524809223880596,0.010951403,0.999315537,67,27188.1299572,405.79298443582087,0.0,20890.57996,67,8,0.11940298507462686,0,1,67
34100.0,0.0,0.0,0.0,0.0,11,0.0,0.0,0.0,0.0,11,0.0,0.0,0.0,0.0,11,0.0,0.0,0.0,0.0,11,0.0,0.0,0.0,0.0,11,5.371663246,0.48833302236363635,0.057494867,0.993839836,11,0.0,0.0,0.0,0.0,11,0,0.0,0,0,11
34140.0,493.0,164.33333333333334,0.0,493.0,3,674.0,224.66666666666666,0.0,674.0,3,1.3679775283972984,0.45599250946576614,0.0,1.3679775283972984,3,674.0,224.66666666666666,0.0,674.0,3,674.0,224.66666666666666,0.0,674.0,3,1.596167009,0.5320556696666666,0.334017796,0.73100616,3,493.0,164.33333333333334,0.0,493.0,3,1,0.3333333333333333,0,1,3
34160.0,0.0,0.0,0.0,0.0,1,0.0,0.0,0.0,0.0,1,0.0,0.0,0.0,0.0,1,0.0,0.0,0.0,0.0,1,0.0,0.0,0.0,0.0,1,0.999315537,0.999315537,0.999315537,0.999315537,1,0.0,0.0,0.0,0.0,1,0,0.0,0,0,1
34200.0,409.0,9.295454545454545,0.0,409.0,44,600.0,13.636363636363637,0.0,600.0,44,1.4668674698706814,0.03333789704251549,0.0,1.4668674698706814,44,600.0,13.636363636363637,0.0,600.0,44,600.0,13.636363636363637,0.0,600.0,44,19.731690625,0.4484475142045454,0.019164956,0.985626283,44,408.9499998,9.294318177272727,0.0,408.9499998,44,1,0.022727272727272728,0,1,44
34300.0,4065.0,73.9090909090909,0.0,1722.0,55,9738.0,177.05454545454546,0.0,2619.0,55,22.657493277692495,0.41195442323077264,0.0,10.145833367998264,55,9738.0,177.05454545454546,0.0,2619.0,55,9738.0,177.05454545454546,0.0,2619.0,55,31.701574265,0.5763922593636364,0.021902806,0.999315537,55,5273.769997,95.88672721818182,0.0,2416.329998,55,7,0.12727272727272726,0,2,55
34400.0,944.0,42.90909090909091,0.0,390.0,22,1423.0,64.68181818181819,0.0,491.0,22,4.871919077180314,0.22145086714455972,0.0,2.254629627166238,22,1423.0,64.68181818181819,0.0,491.0,22,1423.0,64.68181818181819,0.0,491.0,22,8.985626286,0.4084375584545455,0.046543463,0.999315537,22,943.7199998,42.89636362727273,0.0,389.9499998,22,3,0.13636363636363635,0,1,22
34490.0,0.0,0.0,0.0,0.0,1,0.0,0.0,0.0,0.0,1,0.0,0.0,0.0,0.0,1,0.0,0.0,0.0,0.0,1,0.0,0.0,0.0,0.0,1,0.027378508,0.027378508,0.027378508,0.027378508,1,0.0,0.0,0.0,0.0,1,0,0.0,0,0,1
34500.0,7549.0,179.73809523809524,0.0,3302.0,42,9911.0,235.97619047619048,0.0,3436.0,42,8.446397833890758,0.20110471033073235,0.0,3.3819444445618734,42,9911.0,235.97619047619048,0.0,3436.0,42,9911.0,235.97619047619048,0.0,3436.0,42,19.028062974,0.45304911842857143,0.005475702,0.977412731,42,7550.179986,179.76619014285714,0.0,3301.919991,42,5,0.11904761904761904,0,1,42
34565.0,0.0,0.0,0.0,0.0,2,0.0,0.0,0.0,0.0,2,0.0,0.0,0.0,0.0,2,0.0,0.0,0.0,0.0,2,0.0,0.0,0.0,0.0,2,1.2210814509999999,0.6105407254999999,0.221765914,0.999315537,2,0.0,0.0,0.0,0.0,2,0,0.0,0,0,2
34590.0,0.0,0.0,0.0,0.0,1,0.0,0.0,0.0,0.0,1,0.0,0.0,0.0,0.0,1,0.0,0.0,0.0,0.0,1,0.0,0.0,0.0,0.0,1,0.180698152,0.180698152,0.180698152,0.180698152,1,0.0,0.0,0.0,0.0,1,0,0.0,0,0,1
34600.0,3444.0,71.75,0.0,1565.0,48,6430.0,133.95833333333334,0.0,3193.0,48,10.016014089981423,0.2086669602079463,0.0,2.788167939819893,48,6430.0,133.95833333333334,0.0,3193.0,48,6430.0,133.95833333333334,0.0,3193.0,48,23.556468174,0.49075975362499996,0.002737851,0.999315537,48,3443.8199963,71.74624992291668,0.0,1564.519997,48,6,0.125,0,1,48
34680.0,0.0,0.0,0.0,0.0,3,0.0,0.0,0.0,0.0,3,0.0,0.0,0.0,0.0,3,0.0,0.0,0.0,0.0,3,0.0,0.0,0.0,0.0,3,1.0896646140000001,0.36322153800000007,0.27926078,0.405201917,3,0.0,0.0,0.0,0.0,3,0,0.0,0,0,3
34700.0,1706.0,71.08333333333333,0.0,937.0,24,5795.0,241.45833333333334,0.0,3803.0,24,6.648758862547677,0.2770316192728199,0.0,4.058333330729236,24,5795.0,241.45833333333334,0.0,3803.0,24,5795.0,241.45833333333334,0.0,3803.0,24,8.591375769999999,0.3579739904166666,0.016427105,0.999315537,24,1706.2899971000002,71.09541654583334,0.0,937.2799988,24,2,0.08333333333333333,0,1,24
34800.0,0.0,0.0,0.0,0.0,17,0.0,0.0,0.0,0.0,17,0.0,0.0,0.0,0.0,17,0.0,0.0,0.0,0.0,17,0.0,0.0,0.0,0.0,17,6.461327861,0.38007810947058823,0.002737851,0.889801506,17,0.0,0.0,0.0,0.0,17,0,0.0,0,0,17
34900.0,3647.0,121.56666666666666,0.0,2243.0,30,4288.0,142.93333333333334,0.0,2245.0,30,2.4558642137687965,0.08186214045895988,0.0,1.4551792819583145,30,4288.0,142.93333333333334,0.0,2245.0,30,4288.0,142.93333333333334,0.0,2245.0,30,11.671457905,0.38904859683333337,0.024640657,0.999315537,30,3647.3799929999996,121.57933309999999,0.0,2243.039997,30,2,0.06666666666666667,0,1,30
34990.0,354.0,118.0,0.0,354.0,3,537.0,179.0,0.0,537.0,3,1.5155601652833544,0.5051867217611181,0.0,1.5155601652833544,3,537.0,179.0,0.0,537.0,3,537.0,179.0,0.0,537.0,3,1.103353867,0.36778462233333337,0.213552361,0.65982204,3,353.77,117.92333333333333,0.0,353.77,3,1,0.3333333333333333,0,1,3
35000.0,7529.0,327.3478260869565,0.0,6500.0,23,8521.0,370.4782608695652,0.0,7108.0,23,3.7462428278018995,0.16288012294790868,0.0,1.521874999795498,23,8521.0,370.4782608695652,0.0,7108.0,23,8521.0,370.4782608695652,0.0,7108.0,23,12.854209445,0.5588786715217392,0.030116359,0.985626283,23,7528.939989500001,327.3452169347826,0.0,6499.62999,23,3,0.13043478260869565,0,1,23
35090.0,0.0,0.0,0.0,0.0,1,0.0,0.0,0.0,0.0,1,0.0,0.0,0.0,0.0,1,0.0,0.0,0.0,0.0,1,0.0,0.0,0.0,0.0,1,0.145106092,0.145106092,0.145106092,0.145106092,1,0.0,0.0,0.0,0.0,1,0,0.0,0,0,1
35100.0,3253.0,63.78431372549019,0.0,1411.0,51,10470.0,205.2941176470588,0.0,4451.0,51,19.310474797780575,0.3786367607407956,0.0,11.4140625245224,51,10470.0,205.2941176470588,0.0,4451.0,51,10470.0,205.2941176470588,0.0,4451.0,51,28.498288844,0.5587899773333334,0.002737851,0.996577687,51,4662.509996299999,91.42176463333332,0.0,2821.269997,51,7,0.13725490196078433,0,2,51
35200.0,4472.0,53.87951807228916,0.0,1853.0,83,8718.0,105.03614457831326,0.0,3846.0,83,11.694794014531222,0.14090113270519544,0.0,2.8759842516854346,83,8718.0,105.03614457831326,0.0,3846.0,83,8718.0,105.03614457831326,0.0,3846.0,83,41.347022589,0.49815689866265056,0.013689254,0.993839836,83,4471.7099973,53.876024063855425,0.0,1852.779999,83,6,0.07228915662650602,0,1,83
35290.0,0.0,0.0,0.0,0.0,2,0.0,0.0,0.0,0.0,2,0.0,0.0,0.0,0.0,2,0.0,0.0,0.0,0.0,2,0.0,0.0,0.0,0.0,2,0.495550992,0.247775496,0.084873374,0.410677618,2,0.0,0.0,0.0,0.0,2,0,0.0,0,0,2
35300.0,948.0,35.111111111111114,0.0,948.0,27,8445.0,312.77777777777777,0.0,8445.0,27,8.908536567304338,0.32994579878904956,0.0,8.908536567304338,27,8445.0,312.77777777777777,0.0,8445.0,27,8445.0,312.77777777777777,0.0,8445.0,27,11.263518142,0.41716733859259264,0.002737851,0.944558522,27,1895.679999,70.21037033333333,0.0,1895.679999,27,2,0.07407407407407407,0,2,27
35400.0,1971.0,50.53846153846154,0.0,1081.0,39,11312.0,290.05128205128204,0.0,10124.0,39,12.010880242951076,0.30797128828079684,0.0,9.365384588909391,39,11312.0,290.05128205128204,0.0,10124.0,39,11312.0,290.05128205128204,0.0,10124.0,39,15.362080764,0.39389950676923075,0.016427105,0.999315537,39,1970.8799986,50.53538457948718,0.0,1081.189999,39,3,0.07692307692307693,0,1,39
35490.0,3065.0,437.85714285714283,0.0,1353.0,7,3942.0,563.1428571428571,0.0,1432.0,7,5.486110744829732,0.7837301064042475,0.0,2.1485294108989748,7,3942.0,563.1428571428571,0.0,1432.0,7,3942.0,563.1428571428571,0.0,1432.0,7,4.8733744009999995,0.6961963429999999,0.454483231,0.944558522,7,3065.2899962,437.8985708857143,0.0,1353.449997,7,4,0.5714285714285714,0,1,7
35500.0,7849.0,124.58730158730158,0.0,2719.0,63,11693.0,185.6031746031746,0.0,2774.0,63,12.823559132642558,0.20354855766099297,0.0,3.203947365680835,63,11693.0,185.6031746031746,0.0,2774.0,63,11693.0,185.6031746031746,0.0,2774.0,63,31.449691999,0.4992014603015873,0.002737851,0.980150582,63,7848.7999947,124.5841269,0.0,2718.639999,63,7,0.1111111111111111,0,1,63
35600.0,53636.0,1141.1914893617022,0.0,32815.0,47,128384.0,2731.574468085106,0.0,103325.0,47,18.743853403090522,0.3988053915551175,0.0,5.7070312622612,47,128384.0,2731.574468085106,0.0,103325.0,47,128384.0,2731.574468085106,0.0,103325.0,47,25.889117047,0.5508322775957447,0.002737851,0.988364134,47,53634.959895600005,1141.1693594808512,0.0,32814.79993,47,10,0.2127659574468085,0,1,47
35700.0,2723.0,51.37735849056604,0.0,2133.0,53,19163.0,361.5660377358491,0.0,18118.0,53,11.755286342570654,0.22179785552020104,0.0,8.494186035449433,53,19163.0,361.5660377358491,0.0,18118.0,53,19163.0,361.5660377358491,0.0,18118.0,53,29.579739907,0.5581083001320755,0.008213552,0.960985626,53,2723.2199968,51.381509373584905,0.0,2133.269997,53,3,0.05660377358490566,0,1,53
35800.0,471.0,9.42,0.0,471.0,50,564.0,11.28,0.0,564.0,50,1.1975409837145323,0.023950819674290646,0.0,1.1975409837145323,50,564.0,11.28,0.0,564.0,50,564.0,11.28,0.0,564.0,50,30.160164274,0.60320328548,0.038329911,0.999315537,50,471.1199999,9.422399998,0.0,471.1199999,50,1,0.02,0,1,50
35900.0,6686.0,123.81481481481481,0.0,4164.0,54,24486.0,453.44444444444446,0.0,19325.0,54,14.358664962800951,0.26590120301483244,0.0,11.068181815163223,54,24486.0,453.44444444444446,0.0,19325.0,54,24486.0,453.44444444444446,0.0,19325.0,54,28.919917865,0.535554034537037,0.005475702,0.971937029,54,10178.869985,188.4975923148148,0.0,5238.849987,54,6,0.1111111111111111,0,3,54
35990.0,0.0,0.0,0.0,0.0,9,0.0,0.0,0.0,0.0,9,0.0,0.0,0.0,0.0,9,0.0,0.0,0.0,0.0,9,0.0,0.0,0.0,0.0,9,4.476386037,0.49737622633333334,0.030116359,0.717316906,9,0.0,0.0,0.0,0.0,9,0,0.0,0,0,9
36000.0,0.0,0.0,0.0,0.0,18,0.0,0.0,0.0,0.0,18,0.0,0.0,0.0,0.0,18,0.0,0.0,0.0,0.0,18,0.0,0.0,0.0,0.0,18,7.490759754,0.4161533196666667,0.079397673,0.999315537,18,0.0,0.0,0.0,0.0,18,0,0.0,0,0,18
36100.0,14654.0,271.3703703703704,0.0,10623.0,54,47172.0,873.5555555555555,0.0,33462.0,54,9.591772380403155,0.17762541445191027,0.0,8.301136338402797,54,47172.0,873.5555555555555,0.0,33462.0,54,47172.0,873.5555555555555,0.0,33462.0,54,25.541409991,0.47298907390740735,0.002737851,0.982888433,54,14654.629978,271.3820366296296,0.0,10623.38998,54,2,0.037037037037037035,0,1,54
36200.0,1357.0,67.85,0.0,1028.0,20,1450.0,72.5,0.0,1108.0,20,2.1180319190354053,0.10590159595177026,0.0,1.0774336281302714,20,1450.0,72.5,0.0,1108.0,20,1450.0,72.5,0.0,1108.0,20,10.154688571,0.50773442855,0.002737851,0.960985626,20,1356.7499981,67.837499905,0.0,1028.039999,20,2,0.1,0,1,20
36300.0,1037.0,26.58974358974359,0.0,632.0,39,2523.0,64.6923076923077,0.0,1723.0,39,4.700070587602253,0.12051463045133982,0.0,2.7257462647613404,39,2523.0,64.6923076923077,0.0,1723.0,39,2523.0,64.6923076923077,0.0,1723.0,39,14.2422998,0.36518717435897435,0.041067762,0.851471595,39,1036.5654531,26.57860136153846,0.0,632.0199986,39,2,0.05128205128205128,0,1,39
36340.0,0.0,0.0,0.0,0.0,2,0.0,0.0,0.0,0.0,2,0.0,0.0,0.0,0.0,2,0.0,0.0,0.0,0.0,2,0.0,0.0,0.0,0.0,2,1.07597536,0.53798768,0.413415469,0.662559891,2,0.0,0.0,0.0,0.0,2,0,0.0,0,0,2
36400.0,1374.0,39.25714285714286,0.0,452.0,35,9191.0,262.6,0.0,7907.0,35,25.583463743545117,0.7309561069584319,0.0,21.485294293636898,35,9191.0,262.6,0.0,7907.0,35,9191.0,262.6,0.0,7907.0,35,17.166324437,0.49046641248571426,0.002737851,0.996577687,35,1373.5599994,39.244571411428566,0.0,452.0599999,35,4,0.11428571428571428,0,1,35
36490.0,0.0,0.0,0.0,0.0,5,0.0,0.0,0.0,0.0,5,0.0,0.0,0.0,0.0,5,0.0,0.0,0.0,0.0,5,0.0,0.0,0.0,0.0,5,1.56057495,0.31211499,0.158795346,0.440793977,5,0.0,0.0,0.0,0.0,5,0,0.0,0,0,5
36500.0,3986.0,86.65217391304348,0.0,2438.0,46,4871.0,105.8913043478261,0.0,2537.0,46,3.8794979334050907,0.08433691159576284,0.0,1.5880434783627115,46,4871.0,105.8913043478261,0.0,2537.0,46,4871.0,105.8913043478261,0.0,2537.0,46,20.969199181,0.45585215610869567,0.010951403,0.985626283,46,3985.599991,86.6434780652174,0.0,2437.859993,46,3,0.06521739130434782,0,1,46
36600.0,1959.0,122.4375,0.0,669.0,16,4310.0,269.375,0.0,1837.0,16,9.023297367282296,0.5639560854551435,0.0,3.5461165057925403,16,4310.0,269.375,0.0,1837.0,16,4310.0,269.375,0.0,1837.0,16,4.873374403,0.3045859001875,0.032854209,0.774811773,16,1959.3199988000001,122.45749992500001,0.0,669.3699999,16,4,0.25,0,1,16
36670.0,2175.0,435.0,0.0,2175.0,5,6459.0,1291.8,0.0,6459.0,5,2.969512193510448,0.5939024387020896,0.0,2.969512193510448,5,6459.0,1291.8,0.0,6459.0,5,6459.0,1291.8,0.0,6459.0,5,1.497604382,0.2995208764,0.082135524,0.396988364,5,2175.099999,435.0199998,0.0,2175.099999,5,1,0.2,0,1,5
36700.0,354.0,15.391304347826088,0.0,354.0,23,523.0,22.73913043478261,0.0,523.0,23,1.4787449401932256,0.06429325826927068,0.0,1.4787449401932256,23,523.0,22.73913043478261,0.0,523.0,23,523.0,22.73913043478261,0.0,523.0,23,10.171115674,0.4422224206086956,0.060232717,0.960985626,23,353.77,15.381304347826086,0.0,353.77,23,1,0.043478260869565216,0,1,23
36800.0,916.0,17.96078431372549,0.0,916.0,51,956.0,18.745098039215687,0.0,956.0,51,1.043571428022808,0.02046218486319231,0.0,1.043571428022808,51,956.0,18.745098039215687,0.0,956.0,51,956.0,18.745098039215687,0.0,956.0,51,14.124572214,0.27695239635294117,0.002737851,0.958247776,51,916.0899963,17.962548947058824,0.0,916.0899963,51,1,0.0196078431372549,0,1,51
36900.0,0.0,0.0,0.0,0.0,22,0.0,0.0,0.0,0.0,22,0.0,0.0,0.0,0.0,22,0.0,0.0,0.0,0.0,22,0.0,0.0,0.0,0.0,22,6.573579742,0.2987990791818182,0.019164956,0.761122519,22,0.0,0.0,0.0,0.0,22,0,0.0,0,0,22
37000.0,1455.0,45.46875,0.0,1455.0,32,1845.0,57.65625,0.0,1845.0,32,1.2682291661745673,0.03963216144295523,0.0,1.2682291661745673,32,1845.0,57.65625,0.0,1845.0,32,1845.0,57.65625,0.0,1845.0,32,13.670088981,0.42719028065625,0.03559206,0.966461328,32,1454.719997,45.45999990625,0.0,1454.719997,32,1,0.03125,0,1,32
37100.0,3346.0,209.125,0.0,2608.0,16,3894.0,243.375,0.0,2610.0,16,4.53259876676127,0.28328742292257936,0.0,2.17410714398302,16,3894.0,243.375,0.0,2610.0,16,3894.0,243.375,0.0,2610.0,16,11.014373715,0.6883983571875,0.03559206,0.999315537,16,3345.8699992,209.11687495,0.0,2608.32,16,3,0.1875,0,1,16
37120.0,0.0,0.0,0.0,0.0,1,0.0,0.0,0.0,0.0,1,0.0,0.0,0.0,0.0,1,0.0,0.0,0.0,0.0,1,0.0,0.0,0.0,0.0,1,0.750171116,0.750171116,0.750171116,0.750171116,1,0.0,0.0,0.0,0.0,1,0,0.0,0,0,1
37200.0,545.0,16.029411764705884,0.0,545.0,34,6421.0,188.85294117647058,0.0,6421.0,34,11.7822581201968,0.3465370035352,0.0,11.7822581201968,34,6421.0,188.85294117647058,0.0,6421.0,34,6421.0,188.85294117647058,0.0,6421.0,34,12.646132789,0.37194508202941173,0.005475702,0.917180014,34,545.4499998,16.042647052941177,0.0,545.4499998,34,1,0.029411764705882353,0,1,34
37300.0,4278.0,106.95,0.0,2460.0,40,5946.0,148.65,0.0,3046.0,40,2.833113760116145,0.07082784400290362,0.0,1.5949781665831244,40,5946.0,148.65,0.0,3046.0,40,5946.0,148.65,0.0,3046.0,40,16.930869266,0.42327173165,0.038329911,0.963723477,40,4277.959995,106.948999875,0.0,2460.089996,40,2,0.05,0,1,40
37400.0,1334.0,40.42424242424242,0.0,780.0,33,2521.0,76.39393939393939,0.0,1397.0,33,3.819607840472628,0.11574569213553418,0.0,2.029166665364618,33,2521.0,76.39393939393939,0.0,1397.0,33,2521.0,76.39393939393939,0.0,1397.0,33,12.889801509,0.3906000457272727,0.008213552,0.654346338,33,1333.2099991,40.4003030030303,0.0,779.5599995,33,2,0.06060606060606061,0,1,33
37420.0,0.0,0.0,0.0,0.0,2,0.0,0.0,0.0,0.0,2,0.0,0.0,0.0,0.0,2,0.0,0.0,0.0,0.0,2,0.0,0.0,0.0,0.0,2,0.588637919,0.2943189595,0.136892539,0.45174538,2,0.0,0.0,0.0,0.0,2,0,0.0,0,0,2
37490.0,354.0,20.823529411764707,0.0,354.0,17,537.0,31.58823529411765,0.0,537.0,17,1.5155601652833544,0.08915059795784437,0.0,1.5155601652833544,17,537.0,31.58823529411765,0.0,537.0,17,537.0,31.58823529411765,0.0,537.0,17,7.030800822,0.4135765189411765,0.232717317,0.65982204,17,353.77,20.81,0.0,353.77,17,1,0.058823529411764705,0,1,17
37500.0,1669.0,59.607142857142854,0.0,500.0,28,2170.0,77.5,0.0,648.0,28,5.2167978788732245,0.18631420995975803,0.0,1.5608974363577006,28,2170.0,77.5,0.0,648.0,28,2170.0,77.5,0.0,648.0,28,15.775496237,0.5634105798928571,0.005475702,0.988364134,28,1668.6799993,59.59571426071428,0.0,500.0,28,4,0.14285714285714285,0,1,28
37590.0,0.0,0.0,0.0,0.0,5,0.0,0.0,0.0,0.0,5,0.0,0.0,0.0,0.0,5,0.0,0.0,0.0,0.0,5,0.0,0.0,0.0,0.0,5,3.0143737159999997,0.6028747431999999,0.48733744,0.692676249,5,0.0,0.0,0.0,0.0,5,0,0.0,0,0,5
37600.0,823.0,34.291666666666664,0.0,623.0,24,1503.0,62.625,0.0,769.0,24,5.022962645283817,0.20929011022015906,0.0,3.844736838817001,24,1503.0,62.625,0.0,769.0,24,1503.0,62.625,0.0,769.0,24,10.757015745,0.44820898937500003,0.052019165,0.848733744,24,823.4499998,34.31041665833333,0.0,623.4499998,24,2,0.08333333333333333,0,1,24
37640.0,0.0,0.0,0.0,0.0,1,0.0,0.0,0.0,0.0,1,0.0,0.0,0.0,0.0,1,0.0,0.0,0.0,0.0,1,0.0,0.0,0.0,0.0,1,0.027378508,0.027378508,0.027378508,0.027378508,1,0.0,0.0,0.0,0.0,1,0,0.0,0,0,1
37700.0,6654.0,184.83333333333334,0.0,4472.0,36,18473.0,513.1388888888889,0.0,14455.0,36,6.3909310943313535,0.17752586373142648,0.0,3.2323008843908143,36,18473.0,513.1388888888889,0.0,14455.0,36,18473.0,513.1388888888889,0.0,14455.0,36,22.483230668,0.6245341852222223,0.024640657,0.966461328,36,8314.3426285,230.9539619027778,0.0,4472.382629,36,4,0.1111111111111111,0,2,36
37720.0,0.0,0.0,0.0,0.0,1,0.0,0.0,0.0,0.0,1,0.0,0.0,0.0,0.0,1,0.0,0.0,0.0,0.0,1,0.0,0.0,0.0,0.0,1,0.654346338,0.654346338,0.654346338,0.654346338,1,0.0,0.0,0.0,0.0,1,0,0.0,0,0,1
37780.0,0.0,0.0,0.0,0.0,1,0.0,0.0,0.0,0.0,1,0.0,0.0,0.0,0.0,1,0.0,0.0,0.0,0.0,1,0.0,0.0,0.0,0.0,1,0.388774812,0.388774812,0.388774812,0.388774812,1,0.0,0.0,0.0,0.0,1,0,0.0,0,0,1
37800.0,4370.0,140.96774193548387,0.0,1647.0,31,8957.0,288.93548387096774,0.0,4175.0,31,9.443821231882103,0.304639394576842,0.0,2.969512193510448,31,8957.0,288.93548387096774,0.0,4175.0,31,8957.0,288.93548387096774,0.0,4175.0,31,15.613963041,0.5036762271290323,0.032854209,0.985626283,31,4370.1699962,140.97322568387096,0.0,1647.289997,31,5,0.16129032258064516,0,1,31
37900.0,1532.0,95.75,0.0,613.0,16,1949.0,121.8125,0.0,797.0,16,5.296393715115907,0.3310246071947442,0.0,1.7904411751080096,16,1949.0,121.8125,0.0,797.0,16,1949.0,121.8125,0.0,797.0,16,10.510609171,0.6569130731875,0.060232717,0.999315537,16,1531.3099985,95.70687490625,0.0,612.8599987,16,4,0.25,0,1,16
37990.0,516.0,129.0,0.0,516.0,4,1135.0,283.75,0.0,1135.0,4,2.20030120561291,0.5500753014032275,0.0,2.20030120561291,4,1135.0,283.75,0.0,1135.0,4,1135.0,283.75,0.0,1135.0,4,2.877481177,0.71937029425,0.429842574,0.999315537,4,1032.02,258.005,0.0,1032.02,4,2,0.5,0,2,4
38000.0,0.0,0.0,0.0,0.0,20,0.0,0.0,0.0,0.0,20,0.0,0.0,0.0,0.0,20,0.0,0.0,0.0,0.0,20,0.0,0.0,0.0,0.0,20,7.624914439,0.38124572195,0.032854209,0.97467488,20,0.0,0.0,0.0,0.0,20,0,0.0,0,0,20
38100.0,22460.0,575.8974358974359,0.0,8501.0,39,40039.0,1026.6410256410256,0.0,19777.0,39,7.137225034498059,0.18300577011533484,0.0,2.4679054023330296,39,40039.0,1026.6410256410256,0.0,19777.0,39,40039.0,1026.6410256410256,0.0,19777.0,39,16.358658454,0.4194527808717949,0.008213552,0.993839836,39,22459.507255999997,575.8848014358973,0.0,8500.947266,39,4,0.10256410256410256,0,1,39
38200.0,0.0,0.0,0.0,0.0,7,0.0,0.0,0.0,0.0,7,0.0,0.0,0.0,0.0,7,0.0,0.0,0.0,0.0,7,0.0,0.0,0.0,0.0,7,2.409308692,0.34418695600000004,0.002737851,0.610540726,7,0.0,0.0,0.0,0.0,7,0,0.0,0,0,7
38300.0,3037.0,44.01449275362319,0.0,1045.0,69,8392.0,121.6231884057971,0.0,4683.0,69,9.67601872503333,0.14023215543526565,0.0,4.481595095062676,69,8392.0,121.6231884057971,0.0,4683.0,69,8392.0,121.6231884057971,0.0,4683.0,69,26.847364826,0.38909224385507246,0.002737851,0.999315537,69,4915.2999930999995,71.23623178405796,0.0,2090.859997,69,6,0.08695652173913043,0,2,69
38400.0,0.0,0.0,0.0,0.0,40,0.0,0.0,0.0,0.0,40,0.0,0.0,0.0,0.0,40,0.0,0.0,0.0,0.0,40,0.0,0.0,0.0,0.0,40,11.830253254,0.29575633135,0.002737851,0.90349076,40,0.0,0.0,0.0,0.0,40,0,0.0,0,0,40
38490.0,0.0,0.0,0.0,0.0,8,0.0,0.0,0.0,0.0,8,0.0,0.0,0.0,0.0,8,0.0,0.0,0.0,0.0,8,0.0,0.0,0.0,0.0,8,2.767967147,0.345995893375,0.090349076,0.700889802,8,0.0,0.0,0.0,0.0,8,0,0.0,0,0,8
38500.0,1947.0,48.675,0.0,1747.0,40,8457.0,211.425,0.0,8077.0,40,6.5257614759082685,0.1631440368977067,0.0,4.623417725440113,40,8457.0,211.425,0.0,8077.0,40,8457.0,211.425,0.0,8077.0,40,12.134154689999999,0.30335386724999996,0.005475702,0.963723477,40,1947.439999,48.685999975,0.0,1747.439999,40,2,0.05,0,1,40
38600.0,8416.0,191.27272727272728,0.0,3153.0,44,20359.0,462.70454545454544,0.0,8594.0,44,19.780535775489163,0.44955763126111736,0.0,6.297413779368571,44,20359.0,462.70454545454544,0.0,8594.0,44,20359.0,462.70454545454544,0.0,8594.0,44,18.748802195,0.42610914079545453,0.002737851,0.843258042,44,8414.3399907,191.23499978863637,0.0,3152.599999,44,6,0.13636363636363635,0,1,44
38700.0,1827.0,52.2,0.0,1110.0,35,9123.0,260.65714285714284,0.0,6539.0,35,16.489246452346805,0.47112132720990874,0.0,9.131249957083126,35,9123.0,260.65714285714284,0.0,6539.0,35,9123.0,260.65714285714284,0.0,6539.0,35,14.932238193,0.42663537694285714,0.109514032,0.876112252,35,1827.1299975000002,52.20371421428572,0.0,1110.029999,35,3,0.08571428571428572,0,1,35
38720.0,0.0,0.0,0.0,0.0,1,0.0,0.0,0.0,0.0,1,0.0,0.0,0.0,0.0,1,0.0,0.0,0.0,0.0,1,0.0,0.0,0.0,0.0,1,0.386036961,0.386036961,0.386036961,0.386036961,1,0.0,0.0,0.0,0.0,1,0,0.0,0,0,1
38800.0,17181.0,1431.75,0.0,17181.0,12,32017.0,2668.0833333333335,0.0,32017.0,12,1.8635204091283024,0.15529336742735853,0.0,1.8635204091283024,12,32017.0,2668.0833333333335,0.0,32017.0,12,32017.0,2668.0833333333335,0.0,32017.0,12,5.5058179339999995,0.4588181611666666,0.041067762,0.982888433,12,17180.60999,1431.7174991666668,0.0,17180.60999,12,1,0.08333333333333333,0,1,12
38840.0,0.0,0.0,0.0,0.0,7,0.0,0.0,0.0,0.0,7,0.0,0.0,0.0,0.0,7,0.0,0.0,0.0,0.0,7,0.0,0.0,0.0,0.0,7,2.77891855,0.3969883642857143,0.331279945,0.618754278,7,0.0,0.0,0.0,0.0,7,0,0.0,0,0,7
38890.0,200.0,100.0,0.0,200.0,2,358.0,179.0,0.0,358.0,2,1.7904411751080096,0.8952205875540048,0.0,1.7904411751080096,2,358.0,179.0,0.0,358.0,2,358.0,179.0,0.0,358.0,2,0.980150582,0.490075291,0.421629021,0.558521561,2,200.0,100.0,0.0,200.0,2,1,0.5,0,1,2
38900.0,1749.0,58.3,0.0,1749.0,30,5555.0,185.16666666666666,0.0,5555.0,30,3.176086951681659,0.1058695650560553,0.0,3.176086951681659,30,5555.0,185.16666666666666,0.0,5555.0,30,5555.0,185.16666666666666,0.0,5555.0,30,7.909650927,0.26365503090000003,0.002737851,0.941820671,30,1749.489998,58.31633326666667,0.0,1749.489998,30,1,0.03333333333333333,0,1,30
39000.0,354.0,16.857142857142858,0.0,354.0,21,481.0,22.904761904761905,0.0,481.0,21,1.3578066909677675,0.06465746147465559,0.0,1.3578066909677675,21,481.0,22.904761904761905,0.0,481.0,21,481.0,22.904761904761905,0.0,481.0,21,13.163586586,0.6268374564761905,0.071184121,0.97467488,21,353.77,16.846190476190475,0.0,353.77,21,1,0.047619047619047616,0,1,21
39040.0,0.0,0.0,0.0,0.0,1,0.0,0.0,0.0,0.0,1,0.0,0.0,0.0,0.0,1,0.0,0.0,0.0,0.0,1,0.0,0.0,0.0,0.0,1,0.865160849,0.865160849,0.865160849,0.865160849,1,0.0,0.0,0.0,0.0,1,0,0.0,0,0,1
39100.0,8478.0,339.12,0.0,3817.0,25,13927.0,557.08,0.0,6662.0,25,4.8787757277562305,0.19515102911024923,0.0,1.8635204091283024,25,13927.0,557.08,0.0,6662.0,25,13927.0,557.08,0.0,6662.0,25,13.11430527,0.5245722107999999,0.098562628,0.906228611,25,8478.709988,339.14839952,0.0,3817.049995,25,3,0.12,0,1,25
39200.0,0.0,0.0,0.0,0.0,28,0.0,0.0,0.0,0.0,28,0.0,0.0,0.0,0.0,28,0.0,0.0,0.0,0.0,28,0.0,0.0,0.0,0.0,28,13.308692678,0.47531045278571427,0.019164956,0.982888433,28,0.0,0.0,0.0,0.0,28,0,0.0,0,0,28
39300.0,34632.0,962.0,0.0,32196.0,36,174897.0,4858.25,0.0,167994.0,36,13.427925709195897,0.3729979363665527,0.0,5.217857145559248,36,174897.0,4858.25,0.0,167994.0,36,174897.0,4858.25,0.0,167994.0,36,13.905544146999999,0.3862651151944444,0.024640657,0.908966461,36,34631.229947,961.9786096388889,0.0,32195.81995,36,4,0.1111111111111111,0,1,36
39400.0,11945.0,284.4047619047619,0.0,4514.0,42,28111.0,669.3095238095239,0.0,9610.0,42,14.275931876915818,0.3399031399265671,0.0,2.8313953451498106,42,28111.0,669.3095238095239,0.0,9610.0,42,28111.0,669.3095238095239,0.0,9610.0,42,17.998631076,0.4285388351428571,0.030116359,0.982888433,42,13622.279975,324.3399994047619,0.0,4514.339996,42,7,0.16666666666666666,0,2,42
39490.0,0.0,0.0,0.0,0.0,5,0.0,0.0,0.0,0.0,5,0.0,0.0,0.0,0.0,5,0.0,0.0,0.0,0.0,5,0.0,0.0,0.0,0.0,5,2.6529774120000003,0.5305954824000001,0.205338809,0.87063655,5,0.0,0.0,0.0,0.0,5,0,0.0,0,0,5
39500.0,0.0,0.0,0.0,0.0,5,0.0,0.0,0.0,0.0,5,0.0,0.0,0.0,0.0,5,0.0,0.0,0.0,0.0,5,0.0,0.0,0.0,0.0,5,2.507871321,0.5015742642000001,0.164271047,0.796714579,5,0.0,0.0,0.0,0.0,5,0,0.0,0,0,5
39600.0,12091.0,183.1969696969697,0.0,9186.0,66,15854.0,240.21212121212122,0.0,11898.0,66,9.651200461956718,0.14623031002964723,0.0,2.1485294108989748,66,15854.0,240.21212121212122,0.0,11898.0,66,15854.0,240.21212121212122,0.0,11898.0,66,35.600273785,0.5393980876515151,0.005475702,0.999315537,66,12090.4799911,183.1890907742424,0.0,9185.899994,66,7,0.10606060606060606,0,1,66
39700.0,5143.0,183.67857142857142,0.0,2589.0,28,8479.0,302.82142857142856,0.0,4635.0,28,6.357787924651271,0.2270638544518311,0.0,1.7904411751080096,28,8479.0,302.82142857142856,0.0,4635.0,28,8479.0,302.82142857142856,0.0,4635.0,28,11.92881588,0.4260291385714286,0.112251882,0.703627652,28,5142.2699927,183.65249973928573,0.0,2588.509995,28,4,0.14285714285714285,0,1,28
39800.0,4468.0,154.06896551724137,0.0,1338.0,29,6512.0,224.55172413793105,0.0,1942.0,29,5.89300602985023,0.20320710447759413,0.0,1.5880434783627115,29,6512.0,224.55172413793105,0.0,1942.0,29,6512.0,224.55172413793105,0.0,1942.0,29,16.591375771,0.5721164058965517,0.027378508,0.884325804,29,4467.4299945,154.04931015517244,0.0,1337.599999,29,4,0.13793103448275862,0,1,29
39900.0,3835.0,98.33333333333333,0.0,1633.0,39,4508.0,115.58974358974359,0.0,1744.0,39,4.962188277181827,0.1272355968508161,0.0,1.5476694909581634,39,4508.0,115.58974358974359,0.0,1744.0,39,4508.0,115.58974358974359,0.0,1744.0,39,21.886379191,0.561189210025641,0.010951403,0.93908282,39,3835.3199959000003,98.34153835641027,0.0,1633.419998,39,4,0.10256410256410256,0,1,39
39970.0,0.0,0.0,0.0,0.0,3,0.0,0.0,0.0,0.0,3,0.0,0.0,0.0,0.0,3,0.0,0.0,0.0,0.0,3,0.0,0.0,0.0,0.0,3,1.612594113,0.537531371,0.396988364,0.665297741,3,0.0,0.0,0.0,0.0,3,0,0.0,0,0,3
39990.0,0.0,0.0,0.0,0.0,5,0.0,0.0,0.0,0.0,5,0.0,0.0,0.0,0.0,5,0.0,0.0,0.0,0.0,5,0.0,0.0,0.0,0.0,5,3.164955509,0.6329911018,0.041067762,0.999315537,5,0.0,0.0,0.0,0.0,5,0,0.0,0,0,5
40000.0,10240.0,82.58064516129032,0.0,2203.0,124,14724.0,118.74193548387096,0.0,2928.0,124,20.12094264014577,0.16226566645278848,0.0,4.935810816847174,124,14724.0,118.74193548387096,0.0,2928.0,124,14724.0,118.74193548387096,0.0,2928.0,124,82.778918538,0.6675719236935483,0.005475702,0.999315537,124,11702.6799849,94.37645149112903,0.0,2926.199993,124,14,0.11290322580645161,0,2,124
40100.0,3699.0,147.96,0.0,2955.0,25,4017.0,160.68,0.0,2998.0,25,3.7836049223049972,0.15134419689219988,0.0,1.6754587144588629,25,4017.0,160.68,0.0,2998.0,25,4017.0,160.68,0.0,2998.0,25,17.486652977,0.6994661190799999,0.013689254,0.985626283,25,3698.739994,147.94959976,0.0,2954.969994,25,3,0.12,0,1,25
40199.99999999999,507.0,46.09090909090909,0.0,507.0,11,1653.0,150.27272727272728,0.0,1653.0,11,3.2611607159745297,0.29646915599768453,0.0,3.2611607159745297,11,1653.0,150.27272727272728,0.0,1653.0,11,1653.0,150.27272727272728,0.0,1653.0,11,5.995893224,0.5450812021818181,0.079397673,0.971937029,11,506.9099999,46.082727263636365,0.0,506.9099999,11,1,0.09090909090909091,0,1,11
40300.0,5679.0,145.6153846153846,0.0,3181.0,39,34031.0,872.5897435897435,0.0,30575.0,39,12.661260158840001,0.32464769638051283,0.0,9.611842097042503,39,34031.0,872.5897435897435,0.0,30575.0,39,34031.0,872.5897435897435,0.0,30575.0,39,14.899383985,0.3820354867948718,0.002737851,0.980150582,39,5679.4436309,145.62675976666668,0.0,3180.973633,39,3,0.07692307692307693,0,1,39
40400.0,5232.0,348.8,0.0,4118.0,15,10888.0,725.8666666666667,0.0,9580.0,15,3.5008704202075496,0.23339136134716998,0.0,2.326433121450684,15,10888.0,725.8666666666667,0.0,9580.0,15,10888.0,725.8666666666667,0.0,9580.0,15,12.090349077,0.8060232718000001,0.142368241,0.93908282,15,9349.749992000001,623.3166661333333,0.0,8235.629993,15,3,0.2,0,2,15
40500.0,848.0,22.91891891891892,0.0,848.0,37,7375.0,199.32432432432432,0.0,7375.0,37,8.69642857593208,0.23503861016032648,0.0,8.69642857593208,37,7375.0,199.32432432432432,0.0,7375.0,37,7375.0,199.32432432432432,0.0,7375.0,37,10.22313484,0.2763009416216216,0.010951403,0.991101985,37,847.9799995,22.918378364864864,0.0,847.9799995,37,1,0.02702702702702703,0,1,37
40545.0,0.0,0.0,0.0,0.0,1,0.0,0.0,0.0,0.0,1,0.0,0.0,0.0,0.0,1,0.0,0.0,0.0,0.0,1,0.0,0.0,0.0,0.0,1,0.999315537,0.999315537,0.999315537,0.999315537,1,0.0,0.0,0.0,0.0,1,0,0.0,0,0,1
40599.99999999999,8228.0,216.52631578947367,0.0,5434.0,38,9663.0,254.28947368421052,0.0,6382.0,38,2.3488745975137313,0.06181248940825609,0.0,1.1744372987568656,38,9663.0,254.28947368421052,0.0,6382.0,38,9663.0,254.28947368421052,0.0,6382.0,38,21.048596858,0.5539104436315789,0.038329911,0.925393566,38,8228.749985,216.54605223684212,0.0,5434.439987,38,2,0.05263157894736842,0,1,38
40700.0,757.0,42.05555555555556,0.0,757.0,18,1686.0,93.66666666666667,0.0,1686.0,18,2.227134146786211,0.12372967482145618,0.0,2.227134146786211,18,1686.0,93.66666666666667,0.0,1686.0,18,1686.0,93.66666666666667,0.0,1686.0,18,7.635865849,0.4242147693888889,0.002737851,0.980150582,18,1513.089995,84.06055527777778,0.0,1513.089995,18,2,0.1111111111111111,0,2,18
40800.0,2312.0,42.81481481481482,0.0,861.0,54,6757.0,125.12962962962963,0.0,2456.0,54,15.440347613900975,0.28593236322038845,0.0,6.297413779368571,54,6757.0,125.12962962962963,0.0,2456.0,54,6757.0,125.12962962962963,0.0,2456.0,54,17.76591376,0.32899840296296295,0.002737851,0.922655715,54,2311.7599993,42.81037035740741,0.0,860.9099999,54,5,0.09259259259259259,0,1,54
40900.0,3283.0,93.8,0.0,2114.0,35,4687.0,133.9142857142857,0.0,2644.0,35,2.998463818144974,0.08567039480414211,0.0,1.747607654007728,35,4687.0,133.9142857142857,0.0,2644.0,35,4687.0,133.9142857142857,0.0,2644.0,35,26.0807666,0.74516476,0.150581793,0.999315537,35,3283.33,93.80942857142857,0.0,2114.0,35,2,0.05714285714285714,0,1,35
40990.0,0.0,0.0,0.0,0.0,4,0.0,0.0,0.0,0.0,4,0.0,0.0,0.0,0.0,4,0.0,0.0,0.0,0.0,4,0.0,0.0,0.0,0.0,4,2.491444216,0.622861054,0.366872006,0.960985626,4,0.0,0.0,0.0,0.0,4,0,0.0,0,0,4
41000.0,1522.0,253.66666666666666,0.0,1522.0,6,13898.0,2316.3333333333335,0.0,13898.0,6,9.131249957083126,1.5218749928471877,0.0,9.131249957083126,6,13898.0,2316.3333333333335,0.0,13898.0,6,13898.0,2316.3333333333335,0.0,13898.0,6,2.195756331,0.36595938850000004,0.109514032,0.755646817,6,1522.25,253.70833333333334,0.0,1522.25,6,1,0.16666666666666666,0,1,6
41021.0,0.0,0.0,0.0,0.0,1,0.0,0.0,0.0,0.0,1,0.0,0.0,0.0,0.0,1,0.0,0.0,0.0,0.0,1,0.0,0.0,0.0,0.0,1,0.492813142,0.492813142,0.492813142,0.492813142,1,0.0,0.0,0.0,0.0,1,0,0.0,0,0,1
41100.0,5795.0,165.57142857142858,0.0,2422.0,35,7157.0,204.4857142857143,0.0,2451.0,35,8.10279792486577,0.23150851213902202,0.0,1.8446969691938704,35,7157.0,204.4857142857143,0.0,2451.0,35,7157.0,204.4857142857143,0.0,2451.0,35,20.372347708,0.5820670773714286,0.071184121,0.999315537,35,5795.5899915,165.58828547142858,0.0,2421.549995,35,6,0.17142857142857143,0,1,35
41200.0,354.0,22.125,0.0,354.0,16,405.0,25.3125,0.0,405.0,16,1.1449843261435368,0.07156152038397105,0.0,1.1449843261435368,16,405.0,25.3125,0.0,405.0,16,405.0,25.3125,0.0,405.0,16,7.115674195,0.4447296371875,0.027378508,0.97467488,16,353.77,22.110625,0.0,353.77,16,1,0.0625,0,1,16
41300.0,1874.0,133.85714285714286,0.0,1874.0,14,4753.0,339.5,0.0,4753.0,14,2.536458335565945,0.1811755953975675,0.0,2.536458335565945,14,4753.0,339.5,0.0,4753.0,14,4753.0,339.5,0.0,4753.0,14,3.96440794,0.2831719957142857,0.03559206,0.873374401,14,1873.759998,133.83999985714286,0.0,1873.759998,14,1,0.07142857142857142,0,1,14
41400.0,10440.0,242.7906976744186,0.0,9845.0,43,24422.0,567.953488372093,0.0,22759.0,43,7.838216232597739,0.18228409843250556,0.0,2.898809525310693,43,24422.0,567.953488372093,0.0,22759.0,43,24422.0,567.953488372093,0.0,22759.0,43,17.401779602,0.40469254888372097,0.049281314,0.670773443,43,10439.5899955,242.7811626860465,0.0,9844.589996,43,3,0.06976744186046512,0,1,43
41490.0,0.0,0.0,0.0,0.0,11,0.0,0.0,0.0,0.0,11,0.0,0.0,0.0,0.0,11,0.0,0.0,0.0,0.0,11,0.0,0.0,0.0,0.0,11,2.929500342,0.2663182129090909,0.002737851,0.596851472,11,0.0,0.0,0.0,0.0,11,0,0.0,0,0,11
41500.0,18872.0,1179.5,0.0,18872.0,16,29711.0,1856.9375,0.0,29711.0,16,1.5743534473207317,0.09839709045754573,0.0,1.5743534473207317,16,29711.0,1856.9375,0.0,29711.0,16,29711.0,1856.9375,0.0,29711.0,16,8.177960302,0.511122518875,0.246406571,0.684462697,16,18871.62,1179.47625,0.0,18871.62,16,1,0.0625,0,1,16
41600.0,200.0,9.090909090909092,0.0,200.0,22,211.0,9.590909090909092,0.0,211.0,22,1.0556358385377622,0.047983447206261916,0.0,1.0556358385377622,22,211.0,9.590909090909092,0.0,211.0,22,211.0,9.590909090909092,0.0,211.0,22,14.072553048,0.6396615021818182,0.054757016,0.991101985,22,200.0,9.090909090909092,0.0,200.0,22,1,0.045454545454545456,0,1,22
41698.00000000001,0.0,0.0,0.0,0.0,1,0.0,0.0,0.0,0.0,1,0.0,0.0,0.0,0.0,1,0.0,0.0,0.0,0.0,1,0.0,0.0,0.0,0.0,1,0.728268309,0.728268309,0.728268309,0.728268309,1,0.0,0.0,0.0,0.0,1,0,0.0,0,0,1
41700.0,470.0,24.736842105263158,0.0,470.0,19,633.0,33.31578947368421,0.0,633.0,19,1.347785978427987,0.0709361041277888,0.0,1.347785978427987,19,633.0,33.31578947368421,0.0,633.0,19,633.0,33.31578947368421,0.0,633.0,19,10.773442847,0.5670233077368421,0.284736482,0.788501027,19,469.5,24.710526315789473,0.0,469.5,19,1,0.05263157894736842,0,1,19
41800.0,5539.0,162.91176470588235,0.0,3566.0,34,11622.0,341.8235294117647,0.0,6928.0,34,6.026132751314461,0.17723919856807238,0.0,2.853515622988049,34,11622.0,341.8235294117647,0.0,6928.0,34,11622.0,341.8235294117647,0.0,6928.0,34,14.373716636,0.4227563716470588,0.005475702,0.87063655,34,5539.2099896,162.91794087058824,0.0,3566.219994,34,3,0.08823529411764706,0,1,34
41900.00000000001,882.0,63.0,0.0,528.0,14,1755.0,125.35714285714286,0.0,1162.0,14,3.8757599176511097,0.2768399941179364,0.0,2.200301203192247,14,1755.0,125.35714285714286,0.0,1162.0,14,1755.0,125.35714285714286,0.0,1162.0,14,7.676933609,0.5483524006428572,0.131416838,0.832306639,14,881.8599992,62.98999994285714,0.0,528.0899992,14,2,0.14285714285714285,0,1,14
42000.0,271.0,15.055555555555555,0.0,271.0,18,2020.0,112.22222222222223,0.0,2020.0,18,7.454081608731545,0.41411564492953024,0.0,7.454081608731545,18,2020.0,112.22222222222223,0.0,2020.0,18,2020.0,112.22222222222223,0.0,2020.0,18,7.542778918,0.41904327322222223,0.038329911,0.947296372,18,270.9099999,15.05055555,0.0,270.9099999,18,1,0.05555555555555555,0,1,18
42100.0,2994.0,187.125,0.0,2994.0,16,3235.0,202.1875,0.0,3235.0,16,1.0806213018342945,0.0675388313646434,0.0,1.0806213018342945,16,3235.0,202.1875,0.0,3235.0,16,3235.0,202.1875,0.0,3235.0,16,13.199178644,0.82494866525,0.676249144,0.980150582,16,2993.929993,187.1206245625,0.0,2993.929993,16,1,0.0625,0,1,16
42200.0,354.0,19.666666666666668,0.0,354.0,18,1018.0,56.55555555555556,0.0,1018.0,18,2.8759842516854346,0.15977690287141302,0.0,2.8759842516854346,18,1018.0,56.55555555555556,0.0,1018.0,18,1018.0,56.55555555555556,0.0,1018.0,18,7.430527037,0.41280705761111114,0.019164956,0.810403833,18,353.77,19.653888888888886,0.0,353.77,18,1,0.05555555555555555,0,1,18
42290.0,0.0,0.0,0.0,0.0,2,0.0,0.0,0.0,0.0,2,0.0,0.0,0.0,0.0,2,0.0,0.0,0.0,0.0,2,0.0,0.0,0.0,0.0,2,1.497604381,0.7488021905,0.722792608,0.774811773,2,0.0,0.0,0.0,0.0,2,0,0.0,0,0,2
42300.00000000001,2734.0,118.8695652173913,0.0,1761.0,23,5254.0,228.43478260869566,0.0,3515.0,23,5.666163895014849,0.24635495195716733,0.0,2.075284088907503,23,5254.0,228.43478260869566,0.0,3515.0,23,5254.0,228.43478260869566,0.0,3515.0,23,8.821355237,0.3835371842173913,0.005475702,0.646132786,23,2734.059996,118.87217373913043,0.0,1760.769997,23,3,0.13043478260869565,0,1,23
42400.0,0.0,0.0,0.0,0.0,6,0.0,0.0,0.0,0.0,6,0.0,0.0,0.0,0.0,6,0.0,0.0,0.0,0.0,6,0.0,0.0,0.0,0.0,6,1.305954826,0.21765913766666667,0.019164956,0.62696783,6,0.0,0.0,0.0,0.0,6,0,0.0,0,0,6
42490.0,0.0,0.0,0.0,0.0,1,0.0,0.0,0.0,0.0,1,0.0,0.0,0.0,0.0,1,0.0,0.0,0.0,0.0,1,0.0,0.0,0.0,0.0,1,0.24366872,0.24366872,0.24366872,0.24366872,1,0.0,0.0,0.0,0.0,1,0,0.0,0,0,1
42500.0,3655.0,121.83333333333333,0.0,2137.0,30,5066.0,168.86666666666667,0.0,2455.0,30,6.651311860734797,0.22171039535782658,0.0,2.518965518092616,30,5066.0,168.86666666666667,0.0,2455.0,30,5066.0,168.86666666666667,0.0,2455.0,30,15.203285423,0.5067761807666666,0.043805613,0.90349076,30,3654.7699986,121.82566661999999,0.0,2137.349999,30,4,0.13333333333333333,0,1,30
42600.0,0.0,0.0,0.0,0.0,13,0.0,0.0,0.0,0.0,13,0.0,0.0,0.0,0.0,13,0.0,0.0,0.0,0.0,13,0.0,0.0,0.0,0.0,13,4.837782343,0.3721371033076923,0.002737851,0.960985626,13,0.0,0.0,0.0,0.0,13,0,0.0,0,0,13
42699.99999999999,1966.0,43.68888888888889,0.0,917.0,45,2256.0,50.13333333333333,0.0,1037.0,45,3.4154246234081533,0.07589832496462563,0.0,1.1744372987568656,45,2256.0,50.13333333333333,0.0,1037.0,45,2256.0,50.13333333333333,0.0,1037.0,45,25.095140317,0.5576697848222222,0.002737851,0.999315537,45,1966.3499984,43.696666631111114,0.0,917.0499992,45,3,0.06666666666666667,0,1,45
42800.0,38026.0,1118.4117647058824,0.0,33642.0,34,188694.0,5549.823529411765,0.0,178083.0,34,13.86253586090401,0.40772164296776503,0.0,5.293478269615312,34,188694.0,5549.823529411765,0.0,178083.0,34,188694.0,5549.823529411765,0.0,178083.0,34,17.568788503,0.5167290736176471,0.052019165,0.999315537,34,38026.1298949,1118.4155851441176,0.0,33642.2699,34,4,0.11764705882352941,0,1,34
42900.0,0.0,0.0,0.0,0.0,19,0.0,0.0,0.0,0.0,19,0.0,0.0,0.0,0.0,19,0.0,0.0,0.0,0.0,19,0.0,0.0,0.0,0.0,19,7.030800821,0.3700421484736842,0.019164956,0.991101985,19,0.0,0.0,0.0,0.0,19,0,0.0,0,0,19
42990.00000000001,1743.0,435.75,0.0,1743.0,4,4360.0,1090.0,0.0,4360.0,4,2.5017123282744915,0.6254280820686229,0.0,2.5017123282744915,4,4360.0,1090.0,0.0,4360.0,4,4360.0,1090.0,0.0,4360.0,4,1.587953457,0.39698836425,0.095824778,0.703627652,4,1742.939999,435.73499975,0.0,1742.939999,4,1,0.25,0,1,4
43000.0,0.0,0.0,0.0,0.0,11,0.0,0.0,0.0,0.0,11,0.0,0.0,0.0,0.0,11,0.0,0.0,0.0,0.0,11,0.0,0.0,0.0,0.0,11,3.392197127,0.30838155700000003,0.052019165,0.97467488,11,0.0,0.0,0.0,0.0,11,0,0.0,0,0,11
43099.99999999999,1552.0,25.866666666666667,0.0,1552.0,60,2100.0,35.0,0.0,2100.0,60,1.352777776909745,0.022546296281829085,0.0,1.352777776909745,60,2100.0,35.0,0.0,2100.0,60,2100.0,35.0,0.0,2100.0,60,24.457221085,0.4076203514166667,0.010951403,0.985626283,60,1552.25,25.870833333333334,0.0,1552.25,60,1,0.016666666666666666,0,1,60
43200.0,3478.0,165.61904761904762,0.0,2032.0,21,14990.0,713.8095238095239,0.0,12796.0,21,9.32983936708196,0.4442780650991409,0.0,6.297413779368571,21,14990.0,713.8095238095239,0.0,12796.0,21,14990.0,713.8095238095239,0.0,12796.0,21,8.079397673,0.38473322252380954,0.041067762,0.898015058,21,3477.209997,165.58142842857143,0.0,2031.549999,21,3,0.14285714285714285,0,1,21
43300.0,3448.0,76.62222222222222,0.0,2258.0,45,10027.0,222.82222222222222,0.0,8007.0,45,6.960338883032704,0.15467419740072674,0.0,3.5461165057925403,45,10027.0,222.82222222222222,0.0,8007.0,45,10027.0,222.82222222222222,0.0,8007.0,45,14.362765233,0.31917256073333333,0.032854209,0.720054757,45,3448.4499986,76.63222219111111,0.0,2258.279999,45,3,0.06666666666666667,0,1,45
43390.00000000001,0.0,0.0,0.0,0.0,1,0.0,0.0,0.0,0.0,1,0.0,0.0,0.0,0.0,1,0.0,0.0,0.0,0.0,1,0.0,0.0,0.0,0.0,1,0.999315537,0.999315537,0.999315537,0.999315537,1,0.0,0.0,0.0,0.0,1,0,0.0,0,0,1
43400.0,4118.0,114.38888888888889,0.0,2561.0,36,7243.0,201.19444444444446,0.0,3128.0,36,8.833692967608268,0.2453803602113408,0.0,5.371323515706991,36,7243.0,201.19444444444446,0.0,3128.0,36,7243.0,201.19444444444446,0.0,3128.0,36,16.654346341,0.46262073169444445,0.071184121,0.960985626,36,5474.179993,152.0605553611111,0.0,2713.269997,36,4,0.1111111111111111,0,2,36
43490.0,3620.0,42.093023255813954,0.0,2246.0,86,10227.0,118.9186046511628,0.0,7739.0,86,12.071858615530425,0.14037044901779563,0.0,3.445754722157891,86,10227.0,118.9186046511628,0.0,7739.0,86,10227.0,118.9186046511628,0.0,7739.0,86,36.065708424,0.41936870260465114,0.008213552,0.999315537,86,3620.4729989999996,42.09852324418604,0.0,2246.022999,86,6,0.06976744186046512,0,1,86
43500.0,0.0,0.0,0.0,0.0,7,0.0,0.0,0.0,0.0,7,0.0,0.0,0.0,0.0,7,0.0,0.0,0.0,0.0,7,0.0,0.0,0.0,0.0,7,2.811772758,0.4016818225714286,0.010951403,0.925393566,7,0.0,0.0,0.0,0.0,7,0,0.0,0,0,7
43600.0,0.0,0.0,0.0,0.0,20,0.0,0.0,0.0,0.0,20,0.0,0.0,0.0,0.0,20,0.0,0.0,0.0,0.0,20,0.0,0.0,0.0,0.0,20,11.460643398,0.5730321699,0.041067762,0.944558522,20,0.0,0.0,0.0,0.0,20,0,0.0,0,0,20
43690.0,672.0,672.0,672.0,672.0,1,1488.0,1488.0,1488.0,1488.0,1,2.2136363630326445,2.2136363630326445,2.2136363630326445,2.2136363630326445,1,1488.0,1488.0,1488.0,1488.0,1,1488.0,1488.0,1488.0,1488.0,1,0.45174538,0.45174538,0.45174538,0.45174538,1,672.1799994,672.1799994,672.1799994,672.1799994,1,1,1.0,1,1,1
43700.0,516.0,12.585365853658537,0.0,516.0,41,924.0,22.536585365853657,0.0,924.0,41,1.7904411751080096,0.043669296953853895,0.0,1.7904411751080096,41,924.0,22.536585365853657,0.0,924.0,41,924.0,22.536585365853657,0.0,924.0,41,15.16221766,0.3698101868292683,0.049281314,0.583162218,41,516.1200028,12.58829275121951,0.0,516.1200028,41,1,0.024390243902439025,0,1,41
43785.0,0.0,0.0,0.0,0.0,3,0.0,0.0,0.0,0.0,3,0.0,0.0,0.0,0.0,3,0.0,0.0,0.0,0.0,3,0.0,0.0,0.0,0.0,3,2.9979466109999997,0.9993155369999999,0.999315537,0.999315537,3,0.0,0.0,0.0,0.0,3,0,0.0,0,0,3
43800.0,0.0,0.0,0.0,0.0,11,0.0,0.0,0.0,0.0,11,0.0,0.0,0.0,0.0,11,0.0,0.0,0.0,0.0,11,0.0,0.0,0.0,0.0,11,3.767282684,0.342480244,0.057494867,0.55578371,11,0.0,0.0,0.0,0.0,11,0,0.0,0,0,11
43900.0,2025.0,289.2857142857143,0.0,1323.0,7,3870.0,552.8571428571429,0.0,2965.0,7,4.787300173471813,0.6839000247816875,0.0,2.240797545020752,7,3870.0,552.8571428571429,0.0,2965.0,7,3870.0,552.8571428571429,0.0,2965.0,7,4.522929501,0.6461327858571428,0.328542095,0.892539357,7,3348.0499949,478.2928564142857,0.0,2646.139995,7,4,0.5714285714285714,0,2,7
43990.0,0.0,0.0,0.0,0.0,33,0.0,0.0,0.0,0.0,33,0.0,0.0,0.0,0.0,33,0.0,0.0,0.0,0.0,33,0.0,0.0,0.0,0.0,33,10.502395621,0.31825441275757577,0.002737851,0.999315537,33,0.0,0.0,0.0,0.0,33,0,0.0,0,0,33
44000.0,0.0,0.0,0.0,0.0,26,0.0,0.0,0.0,0.0,26,0.0,0.0,0.0,0.0,26,0.0,0.0,0.0,0.0,26,0.0,0.0,0.0,0.0,26,12.068446271000001,0.46417101042307696,0.002737851,0.900752909,26,0.0,0.0,0.0,0.0,26,0,0.0,0,0,26
44100.0,860.0,57.333333333333336,0.0,860.0,15,938.0,62.53333333333333,0.0,938.0,15,1.090298507093287,0.07268656713955246,0.0,1.090298507093287,15,938.0,62.53333333333333,0.0,938.0,15,938.0,62.53333333333333,0.0,938.0,15,9.519507188,0.6346338125333334,0.090349076,0.966461328,15,860.0099983,57.33399988666667,0.0,860.0099983,15,1,0.06666666666666667,0,1,15
44200.0,1350.0,168.75,0.0,1350.0,8,2694.0,336.75,0.0,2694.0,8,1.9959016395242208,0.2494877049405276,0.0,1.9959016395242208,8,2694.0,336.75,0.0,2694.0,8,2694.0,336.75,0.0,2694.0,8,3.978097194,0.49726214925,0.199863108,0.676249144,8,1349.939999,168.742499875,0.0,1349.939999,8,1,0.125,0,1,8
44300.0,754.0,41.888888888888886,0.0,554.0,18,1221.0,67.83333333333333,0.0,937.0,18,3.1121784485535793,0.17289880269742108,0.0,1.690972222280937,18,1221.0,67.83333333333333,0.0,937.0,18,1221.0,67.83333333333333,0.0,937.0,18,10.381930188,0.5767738993333333,0.095824778,0.955509925,18,754.2999992,41.90555551111111,0.0,554.2999992,18,2,0.1111111111111111,0,1,18
44340.0,0.0,0.0,0.0,0.0,1,0.0,0.0,0.0,0.0,1,0.0,0.0,0.0,0.0,1,0.0,0.0,0.0,0.0,1,0.0,0.0,0.0,0.0,1,0.681724846,0.681724846,0.681724846,0.681724846,1,0.0,0.0,0.0,0.0,1,0,0.0,0,0,1
44400.00000000001,1466.0,29.32,0.0,1466.0,50,1803.0,36.06,0.0,1803.0,50,1.2297979794625804,0.024595959589251606,0.0,1.2297979794625804,50,1803.0,36.06,0.0,1803.0,50,1803.0,36.06,0.0,1803.0,50,18.015058183,0.36030116366000003,0.002737851,0.813141684,50,1465.509998,29.31019996,0.0,1465.509998,50,1,0.02,0,1,50
44500.0,10845.0,264.5121951219512,0.0,6415.0,41,15773.0,384.7073170731707,0.0,9335.0,41,6.974487855765782,0.17010945989672638,0.0,2.04050279286576,41,15773.0,384.7073170731707,0.0,9335.0,41,15773.0,384.7073170731707,0.0,9335.0,41,26.061601644,0.6356488205853659,0.002737851,0.988364134,41,10845.0499824,264.513414204878,0.0,6415.159988,41,5,0.12195121951219512,0,1,41
44600.0,990.0,52.10526315789474,0.0,990.0,19,5166.0,271.89473684210526,0.0,5166.0,19,5.217857145559248,0.274624060292592,0.0,5.217857145559248,19,5166.0,271.89473684210526,0.0,5166.0,19,5166.0,271.89473684210526,0.0,5166.0,19,9.119780973000001,0.47998847226315794,0.142368241,0.914442163,19,989.9199982,52.101052536842104,0.0,989.9199982,19,1,0.05263157894736842,0,1,19
44700.0,4247.0,128.6969696969697,0.0,2110.0,33,7823.0,237.06060606060606,0.0,5315.0,33,5.978459697625801,0.18116544538260002,0.0,2.518965518092616,33,7823.0,237.06060606060606,0.0,5315.0,33,7823.0,237.06060606060606,0.0,5315.0,33,25.023956195,0.7583017028787878,0.046543463,0.999315537,33,4246.8899949999995,128.6936362121212,0.0,2110.469997,33,4,0.12121212121212122,0,1,33
44800.00000000001,0.0,0.0,0.0,0.0,27,0.0,0.0,0.0,0.0,27,0.0,0.0,0.0,0.0,27,0.0,0.0,0.0,0.0,27,0.0,0.0,0.0,0.0,27,6.283367558,0.23271731696296297,0.032854209,0.577686516,27,0.0,0.0,0.0,0.0,27,0,0.0,0,0,27
44900.0,6145.0,877.8571428571429,0.0,5323.0,7,7248.0,1035.4285714285713,0.0,5327.0,7,5.304635700235158,0.757805100033594,0.0,2.666058393002697,7,7248.0,1035.4285714285713,0.0,5327.0,7,7248.0,1035.4285714285713,0.0,5327.0,7,4.3723477079999995,0.6246211011428571,0.355920602,0.999315537,7,6144.4999871,877.7857124428572,0.0,5322.829987,7,3,0.42857142857142855,0,1,7
45000.0,7751.0,184.54761904761904,0.0,2926.0,42,9095.0,216.54761904761904,0.0,3028.0,42,10.614665611704801,0.25273013361201907,0.0,2.402960524260626,42,9095.0,216.54761904761904,0.0,3028.0,42,9095.0,216.54761904761904,0.0,3028.0,42,23.04449008,0.5486783352380952,0.019164956,0.996577687,42,7750.0599915,184.52523789285715,0.0,2925.789993,42,8,0.19047619047619047,0,1,42
45100.0,0.0,0.0,0.0,0.0,13,0.0,0.0,0.0,0.0,13,0.0,0.0,0.0,0.0,13,0.0,0.0,0.0,0.0,13,0.0,0.0,0.0,0.0,13,5.979466119,0.4599589322307692,0.057494867,0.856947296,13,0.0,0.0,0.0,0.0,13,0,0.0,0,0,13
45199.99999999999,0.0,0.0,0.0,0.0,12,0.0,0.0,0.0,0.0,12,0.0,0.0,0.0,0.0,12,0.0,0.0,0.0,0.0,12,0.0,0.0,0.0,0.0,12,3.624914442,0.30207620350000003,0.071184121,0.928131417,12,0.0,0.0,0.0,0.0,12,0,0.0,0,0,12
45300.0,4672.0,222.47619047619048,0.0,2037.0,21,7700.0,366.6666666666667,0.0,3875.0,21,6.189349734394572,0.29473093973307485,0.0,1.912303666172973,21,7700.0,366.6666666666667,0.0,3875.0,21,7700.0,366.6666666666667,0.0,3875.0,21,11.50171116,0.5477005314285714,0.019164956,0.944558522,21,4672.2399923,222.48761868095238,0.0,2037.109997,21,4,0.19047619047619047,0,1,21
45400.0,1077.0,63.35294117647059,0.0,369.0,17,7005.0,412.05882352941177,0.0,4973.0,17,19.672632607653302,1.1572136828031354,0.0,14.048076817581268,17,7005.0,412.05882352941177,0.0,4973.0,17,7005.0,412.05882352941177,0.0,4973.0,17,9.516769336,0.5598099609411764,0.071184121,0.999315537,17,1076.6899996,63.334705858823526,0.0,369.1499996,17,3,0.17647058823529413,0,1,17
45500.0,0.0,0.0,0.0,0.0,4,0.0,0.0,0.0,0.0,4,0.0,0.0,0.0,0.0,4,0.0,0.0,0.0,0.0,4,0.0,0.0,0.0,0.0,4,2.275154005,0.56878850125,0.136892539,0.996577687,4,0.0,0.0,0.0,0.0,4,0,0.0,0,0,4
45599.99999999999,8423.0,179.2127659574468,0.0,5813.0,47,28072.0,597.2765957446809,0.0,20614.0,47,13.676703537489823,0.2909936922870175,0.0,3.5461165057925403,47,28072.0,597.2765957446809,0.0,20614.0,47,28072.0,597.2765957446809,0.0,20614.0,47,17.399041756,0.370192377787234,0.005475702,0.895277207,47,8423.2799965,179.21872332978722,0.0,5813.25,47,5,0.10638297872340426,0,1,47
45700.0,0.0,0.0,0.0,0.0,8,0.0,0.0,0.0,0.0,8,0.0,0.0,0.0,0.0,8,0.0,0.0,0.0,0.0,8,0.0,0.0,0.0,0.0,8,2.453114305,0.306639288125,0.021902806,0.706365503,8,0.0,0.0,0.0,0.0,8,0,0.0,0,0,8
45800.0,938.0,42.63636363636363,0.0,938.0,22,7289.0,331.3181818181818,0.0,7289.0,22,7.771276595455325,0.3532398452479693,0.0,7.771276595455325,22,7289.0,331.3181818181818,0.0,7289.0,22,7289.0,331.3181818181818,0.0,7289.0,22,6.896646132,0.31348391509090906,0.002737851,0.856947296,22,1875.139999,85.23363631818182,0.0,1875.139999,22,2,0.09090909090909091,0,2,22
45900.0,702.0,50.142857142857146,0.0,702.0,14,702.0,50.142857142857146,0.0,702.0,14,1.0006849318104818,0.07147749512932013,0.0,1.0006849318104818,14,702.0,50.142857142857146,0.0,702.0,14,702.0,50.142857142857146,0.0,702.0,14,7.646817248,0.5462012319999999,0.008213552,0.999315537,14,701.54,50.11,0.0,701.54,14,1,0.07142857142857142,0,1,14
45920.0,0.0,0.0,0.0,0.0,3,0.0,0.0,0.0,0.0,3,0.0,0.0,0.0,0.0,3,0.0,0.0,0.0,0.0,3,0.0,0.0,0.0,0.0,3,1.196440794,0.398813598,0.24366872,0.484599589,3,0.0,0.0,0.0,0.0,3,0,0.0,0,0,3
45990.0,0.0,0.0,0.0,0.0,2,0.0,0.0,0.0,0.0,2,0.0,0.0,0.0,0.0,2,0.0,0.0,0.0,0.0,2,0.0,0.0,0.0,0.0,2,0.41341546900000004,0.20670773450000002,0.06844627,0.344969199,2,0.0,0.0,0.0,0.0,2,0,0.0,0,0,2
46000.0,360.0,24.0,0.0,360.0,15,1878.0,125.2,0.0,1878.0,15,5.217857145559248,0.34785714303728316,0.0,5.217857145559248,15,1878.0,125.2,0.0,1878.0,15,1878.0,125.2,0.0,1878.0,15,6.579055442,0.43860369613333333,0.13963039,0.928131417,15,360.4899998,24.032666653333333,0.0,360.4899998,15,1,0.06666666666666667,0,1,15
46100.0,0.0,0.0,0.0,0.0,6,0.0,0.0,0.0,0.0,6,0.0,0.0,0.0,0.0,6,0.0,0.0,0.0,0.0,6,0.0,0.0,0.0,0.0,6,1.418206708,0.23636778466666666,0.002737851,0.971937029,6,0.0,0.0,0.0,0.0,6,0,0.0,0,0,6
46200.0,2205.0,245.0,0.0,2205.0,9,2501.0,277.8888888888889,0.0,2501.0,9,1.1343167694870748,0.126035196609675,0.0,1.1343167694870748,9,2501.0,277.8888888888889,0.0,2501.0,9,2501.0,277.8888888888889,0.0,2501.0,9,5.859000685,0.6510000761111111,0.038329911,0.999315537,9,2205.0,245.0,0.0,2205.0,9,1,0.1111111111111111,0,1,9
46300.0,409.0,12.029411764705882,0.0,409.0,34,553.0,16.264705882352942,0.0,553.0,34,1.352777776909745,0.03978758167381603,0.0,1.352777776909745,34,553.0,16.264705882352942,0.0,553.0,34,553.0,16.264705882352942,0.0,553.0,34,9.327857634,0.27434875394117647,0.013689254,0.887063655,34,409.0,12.029411764705882,0.0,409.0,34,1,0.029411764705882353,0,1,34
46400.0,39176.0,1030.9473684210527,0.0,36502.0,38,482127.0,12687.552631578947,0.0,476156.0,38,18.661124501395626,0.4910822237209375,0.0,13.04464286389812,38,482127.0,12687.552631578947,0.0,476156.0,38,482127.0,12687.552631578947,0.0,476156.0,38,13.215605749,0.34777909865789475,0.076659822,0.999315537,38,39175.2897688,1030.9286781263158,0.0,36502.13977,38,4,0.10526315789473684,0,1,38
46500.0,390.0,43.333333333333336,0.0,390.0,9,778.0,86.44444444444444,0.0,778.0,9,1.9959016395242208,0.22176684883602454,0.0,1.9959016395242208,9,778.0,86.44444444444444,0.0,778.0,9,778.0,86.44444444444444,0.0,778.0,9,3.6659822049999997,0.4073313561111111,0.131416838,0.583162218,9,390.0,43.333333333333336,0.0,390.0,9,1,0.1111111111111111,0,1,9
46600.0,892.0,20.272727272727273,0.0,692.0,44,2478.0,56.31818181818182,0.0,1929.0,44,5.534408538974894,0.12578201224942942,0.0,2.788167939819893,44,2478.0,56.31818181818182,0.0,1929.0,44,2478.0,56.31818181818182,0.0,1929.0,44,16.673511298,0.3789434385909091,0.005475702,0.977412731,44,891.7999992,20.2681818,0.0,691.7999992,44,2,0.045454545454545456,0,1,44
46700.0,270.0,14.210526315789474,0.0,270.0,19,539.0,28.36842105263158,0.0,539.0,19,1.9959016395242208,0.1050474547118011,0.0,1.9959016395242208,19,539.0,28.36842105263158,0.0,539.0,19,539.0,28.36842105263158,0.0,539.0,19,9.0403833,0.4758096473684211,0.219028063,0.62696783,19,270.0,14.210526315789474,0.0,270.0,19,1,0.05263157894736842,0,1,19
46800.0,0.0,0.0,0.0,0.0,3,0.0,0.0,0.0,0.0,3,0.0,0.0,0.0,0.0,3,0.0,0.0,0.0,0.0,3,0.0,0.0,0.0,0.0,3,0.698151951,0.232717317,0.076659822,0.358658453,3,0.0,0.0,0.0,0.0,3,0,0.0,0,0,3
46900.00000000001,754.0,41.888888888888886,0.0,754.0,18,1391.0,77.27777777777777,0.0,1391.0,18,1.8446969691938704,0.10248316495521502,0.0,1.8446969691938704,18,1391.0,77.27777777777777,0.0,1391.0,18,1391.0,77.27777777777777,0.0,1391.0,18,8.83230664,0.49068370222222224,0.101300479,0.941820671,18,753.7699986,41.87611103333333,0.0,753.7699986,18,1,0.05555555555555555,0,1,18
47000.0,6960.0,116.0,0.0,2553.0,60,13279.0,221.31666666666666,0.0,4317.0,60,17.465996727063906,0.2910999454510651,0.0,3.652499996174007,60,13279.0,221.31666666666666,0.0,4317.0,60,13279.0,221.31666666666666,0.0,4317.0,60,34.932238198,0.5822039699666667,0.002737851,0.87063655,60,6959.729997,115.99549995000001,0.0,2552.989998,60,8,0.13333333333333333,0,1,60
47089.99999999999,0.0,0.0,0.0,0.0,5,0.0,0.0,0.0,0.0,5,0.0,0.0,0.0,0.0,5,0.0,0.0,0.0,0.0,5,0.0,0.0,0.0,0.0,5,2.485968514,0.4971937028,0.386036961,0.599589322,5,0.0,0.0,0.0,0.0,5,0,0.0,0,0,5
47100.0,5596.0,127.18181818181819,0.0,3338.0,44,12187.0,276.97727272727275,0.0,7047.0,44,11.149878675923693,0.2534063335437203,0.0,3.2323008843908143,44,12187.0,276.97727272727275,0.0,7047.0,44,12187.0,276.97727272727275,0.0,7047.0,44,24.021902808,0.5459523365454545,0.005475702,0.999315537,44,5595.509997,127.17068175,0.0,3337.959999,44,6,0.13636363636363635,0,1,44
47200.0,0.0,0.0,0.0,0.0,5,0.0,0.0,0.0,0.0,5,0.0,0.0,0.0,0.0,5,0.0,0.0,0.0,0.0,5,0.0,0.0,0.0,0.0,5,2.395619439,0.4791238878,0.273785079,0.999315537,5,0.0,0.0,0.0,0.0,5,0,0.0,0,0,5
47300.00000000001,4943.0,81.0327868852459,0.0,1892.0,61,8945.0,146.63934426229508,0.0,3124.0,61,10.54202159978693,0.17282002622601525,0.0,3.80468750093631,61,8945.0,146.63934426229508,0.0,3124.0,61,8945.0,146.63934426229508,0.0,3124.0,61,41.300479126,0.677057034852459,0.013689254,0.999315537,61,6152.1299953,100.85459008688524,0.0,1891.73,61,7,0.11475409836065574,0,2,61
47400.0,6947.0,534.3846153846154,0.0,6947.0,13,10109.0,777.6153846153846,0.0,10109.0,13,1.4551792819583145,0.11193686784294726,0.0,1.4551792819583145,13,10109.0,777.6153846153846,0.0,10109.0,13,10109.0,777.6153846153846,0.0,10109.0,13,5.393566052,0.4148896963076923,0.002737851,0.824093087,13,6947.319992,534.4092301538461,0.0,6947.319992,13,1,0.07692307692307693,0,1,13
47420.0,0.0,0.0,0.0,0.0,1,0.0,0.0,0.0,0.0,1,0.0,0.0,0.0,0.0,1,0.0,0.0,0.0,0.0,1,0.0,0.0,0.0,0.0,1,0.301163587,0.301163587,0.301163587,0.301163587,1,0.0,0.0,0.0,0.0,1,0,0.0,0,0,1
47500.0,1715.0,245.0,0.0,750.0,7,4322.0,617.4285714285714,0.0,2884.0,7,6.758934866055953,0.965562123722279,0.0,3.844736838817001,7,4322.0,617.4285714285714,0.0,2884.0,7,4322.0,617.4285714285714,0.0,2884.0,7,4.34770705,0.6211010071428572,0.260095825,0.750171116,7,1714.059999,244.86571414285714,0.0,749.5499992,7,3,0.42857142857142855,0,1,7
47600.0,0.0,0.0,0.0,0.0,9,0.0,0.0,0.0,0.0,9,0.0,0.0,0.0,0.0,9,0.0,0.0,0.0,0.0,9,0.0,0.0,0.0,0.0,9,4.292950034,0.47699444822222226,0.038329911,0.810403833,9,0.0,0.0,0.0,0.0,9,0,0.0,0,0,9
47699.99999999999,0.0,0.0,0.0,0.0,4,0.0,0.0,0.0,0.0,4,0.0,0.0,0.0,0.0,4,0.0,0.0,0.0,0.0,4,0.0,0.0,0.0,0.0,4,1.711156742,0.4277891855,0.142368241,0.706365503,4,0.0,0.0,0.0,0.0,4,0,0.0,0,0,4
47800.0,1830.0,63.10344827586207,0.0,1264.0,29,2283.0,78.72413793103448,0.0,1710.0,29,2.364550630253693,0.0815362286294377,0.0,1.352777776909745,29,2283.0,78.72413793103448,0.0,1710.0,29,2283.0,78.72413793103448,0.0,1710.0,29,17.114305273,0.5901484576896552,0.010951403,0.988364134,29,1830.0399964,63.10482746206897,0.0,1264.109997,29,2,0.06896551724137931,0,1,29
47900.0,1003.0,62.6875,0.0,658.0,16,2168.0,135.5,0.0,1571.0,16,4.118297558701013,0.2573935974188133,0.0,2.3872549044182527,16,2168.0,135.5,0.0,1571.0,16,2168.0,135.5,0.0,1571.0,16,5.861738535,0.3663586584375,0.084873374,0.577686516,16,1002.6999998,62.6687499875,0.0,657.6999998,16,2,0.125,0,1,16
47920.0,0.0,0.0,0.0,0.0,1,0.0,0.0,0.0,0.0,1,0.0,0.0,0.0,0.0,1,0.0,0.0,0.0,0.0,1,0.0,0.0,0.0,0.0,1,0.366872006,0.366872006,0.366872006,0.366872006,1,0.0,0.0,0.0,0.0,1,0,0.0,0,0,1
47990.00000000001,0.0,0.0,0.0,0.0,1,0.0,0.0,0.0,0.0,1,0.0,0.0,0.0,0.0,1,0.0,0.0,0.0,0.0,1,0.0,0.0,0.0,0.0,1,0.024640657,0.024640657,0.024640657,0.024640657,1,0.0,0.0,0.0,0.0,1,0,0.0,0,0,1
48000.0,354.0,50.57142857142857,0.0,354.0,7,409.0,58.42857142857143,0.0,409.0,7,1.155854430024029,0.16512206143200414,0.0,1.155854430024029,7,409.0,58.42857142857143,0.0,409.0,7,409.0,58.42857142857143,0.0,409.0,7,3.137577002,0.448225286,0.010951403,0.865160849,7,353.7999997,50.5428571,0.0,353.7999997,7,1,0.14285714285714285,0,1,7
48099.99999999999,0.0,0.0,0.0,0.0,2,0.0,0.0,0.0,0.0,2,0.0,0.0,0.0,0.0,2,0.0,0.0,0.0,0.0,2,0.0,0.0,0.0,0.0,2,0.711841205,0.3559206025,0.323066393,0.388774812,2,0.0,0.0,0.0,0.0,2,0,0.0,0,0,2
48200.0,1237.0,47.57692307692308,0.0,1237.0,26,4858.0,186.84615384615384,0.0,4858.0,26,3.927419357974311,0.15105459069131966,0.0,3.927419357974311,26,4858.0,186.84615384615384,0.0,4858.0,26,4858.0,186.84615384615384,0.0,4858.0,26,6.830937714,0.2627283736153846,0.005475702,0.999315537,26,1236.879997,47.57230757692308,0.0,1236.879997,26,1,0.038461538461538464,0,1,26
48300.0,0.0,0.0,0.0,0.0,5,0.0,0.0,0.0,0.0,5,0.0,0.0,0.0,0.0,5,0.0,0.0,0.0,0.0,5,0.0,0.0,0.0,0.0,5,2.7488021910000002,0.5497604382000001,0.232717317,0.941820671,5,0.0,0.0,0.0,0.0,5,0,0.0,0,0,5
48400.0,1300.0,50.0,0.0,1300.0,26,5161.0,198.5,0.0,5161.0,26,3.970108702211484,0.15269648854659554,0.0,3.970108702211484,26,5161.0,198.5,0.0,5161.0,26,5161.0,198.5,0.0,5161.0,26,9.719370295,0.3738219344230769,0.002737851,0.999315537,26,1300.379997,50.01461526923077,0.0,1300.379997,26,1,0.038461538461538464,0,1,26
48490.0,258.0,129.0,0.0,258.0,2,412.0,206.0,0.0,412.0,2,1.5949781665831244,0.7974890832915622,0.0,1.5949781665831244,2,412.0,206.0,0.0,412.0,2,412.0,206.0,0.0,412.0,2,1.2511978099999999,0.6255989049999999,0.62422998,0.62696783,2,258.4399996,129.2199998,0.0,258.4399996,2,1,0.5,0,1,2
48500.0,1957.0,150.53846153846155,0.0,1957.0,13,17434.0,1341.076923076923,0.0,17434.0,13,8.90853660698535,0.6852720466911808,0.0,8.90853660698535,13,17434.0,1341.076923076923,0.0,17434.0,13,17434.0,1341.076923076923,0.0,17434.0,13,6.004106777,0.4618543674615384,0.052019165,0.807665982,13,1957.23,150.55615384615385,0.0,1957.23,13,1,0.07692307692307693,0,1,13
48600.0,0.0,0.0,0.0,0.0,6,0.0,0.0,0.0,0.0,6,0.0,0.0,0.0,0.0,6,0.0,0.0,0.0,0.0,6,0.0,0.0,0.0,0.0,6,1.442847366,0.240474561,0.082135524,0.413415469,6,0.0,0.0,0.0,0.0,6,0,0.0,0,0,6
48700.0,0.0,0.0,0.0,0.0,4,0.0,0.0,0.0,0.0,4,0.0,0.0,0.0,0.0,4,0.0,0.0,0.0,0.0,4,0.0,0.0,0.0,0.0,4,0.777549623,0.19438740575,0.084873374,0.271047228,4,0.0,0.0,0.0,0.0,4,0,0.0,0,0,4
48800.0,0.0,0.0,0.0,0.0,6,0.0,0.0,0.0,0.0,6,0.0,0.0,0.0,0.0,6,0.0,0.0,0.0,0.0,6,0.0,0.0,0.0,0.0,6,2.910335388,0.485055898,0.005475702,0.865160849,6,0.0,0.0,0.0,0.0,6,0,0.0,0,0,6
48900.0,0.0,0.0,0.0,0.0,9,0.0,0.0,0.0,0.0,9,0.0,0.0,0.0,0.0,9,0.0,0.0,0.0,0.0,9,0.0,0.0,0.0,0.0,9,2.784394251,0.309377139,0.008213552,0.481861739,9,0.0,0.0,0.0,0.0,9,0,0.0,0,0,9
48990.0,2432.0,304.0,0.0,2432.0,8,12337.0,1542.125,0.0,12337.0,8,5.072916658264648,0.634114582283081,0.0,5.072916658264648,8,12337.0,1542.125,0.0,12337.0,8,12337.0,1542.125,0.0,12337.0,8,2.023271733,0.252908966625,0.027378508,0.574948665,8,2431.669998,303.95874975,0.0,2431.669998,8,1,0.125,0,1,8
49000.0,1444.0,120.33333333333333,0.0,1166.0,12,3403.0,283.5833333333333,0.0,2207.0,12,8.966200550720941,0.7471833792267452,0.0,7.940217404422968,12,3403.0,283.5833333333333,0.0,2207.0,12,3403.0,283.5833333333333,0.0,2207.0,12,6.655715265,0.55464293875,0.125941136,0.999315537,12,1443.8000041,120.31666700833334,0.0,1165.58,12,2,0.16666666666666666,0,1,12
49100.0,0.0,0.0,0.0,0.0,5,0.0,0.0,0.0,0.0,5,0.0,0.0,0.0,0.0,5,0.0,0.0,0.0,0.0,5,0.0,0.0,0.0,0.0,5,2.978781657,0.5957563314,0.254620123,0.919917865,5,0.0,0.0,0.0,0.0,5,0,0.0,0,0,5
49200.0,0.0,0.0,0.0,0.0,10,0.0,0.0,0.0,0.0,10,0.0,0.0,0.0,0.0,10,0.0,0.0,0.0,0.0,10,0.0,0.0,0.0,0.0,10,4.271047227,0.42710472270000005,0.079397673,0.665297741,10,0.0,0.0,0.0,0.0,10,0,0.0,0,0,10
49300.0,0.0,0.0,0.0,0.0,4,0.0,0.0,0.0,0.0,4,0.0,0.0,0.0,0.0,4,0.0,0.0,0.0,0.0,4,0.0,0.0,0.0,0.0,4,1.108829569,0.27720739225,0.087611225,0.424366872,4,0.0,0.0,0.0,0.0,4,0,0.0,0,0,4
49320.00000000001,0.0,0.0,0.0,0.0,8,0.0,0.0,0.0,0.0,8,0.0,0.0,0.0,0.0,8,0.0,0.0,0.0,0.0,8,0.0,0.0,0.0,0.0,8,2.997946611,0.374743326375,0.257357974,0.599589322,8,0.0,0.0,0.0,0.0,8,0,0.0,0,0,8
49400.00000000001,0.0,0.0,0.0,0.0,2,0.0,0.0,0.0,0.0,2,0.0,0.0,0.0,0.0,2,0.0,0.0,0.0,0.0,2,0.0,0.0,0.0,0.0,2,0.8569472960000001,0.42847364800000004,0.112251882,0.744695414,2,0.0,0.0,0.0,0.0,2,0,0.0,0,0,2
49500.0,0.0,0.0,0.0,0.0,8,0.0,0.0,0.0,0.0,8,0.0,0.0,0.0,0.0,8,0.0,0.0,0.0,0.0,8,0.0,0.0,0.0,0.0,8,2.6995208760000002,0.33744010950000003,0.002737851,0.813141684,8,0.0,0.0,0.0,0.0,8,0,0.0,0,0,8
49600.0,0.0,0.0,0.0,0.0,8,0.0,0.0,0.0,0.0,8,0.0,0.0,0.0,0.0,8,0.0,0.0,0.0,0.0,8,0.0,0.0,0.0,0.0,8,2.899383985,0.362422998125,0.06844627,0.711841205,8,0.0,0.0,0.0,0.0,8,0,0.0,0,0,8
49700.0,0.0,0.0,0.0,0.0,7,0.0,0.0,0.0,0.0,7,0.0,0.0,0.0,0.0,7,0.0,0.0,0.0,0.0,7,0.0,0.0,0.0,0.0,7,4.418891172,0.6312701674285714,0.429842574,0.728268309,7,0.0,0.0,0.0,0.0,7,0,0.0,0,0,7
49800.00000000001,390.0,97.5,0.0,390.0,4,1484.0,371.0,0.0,1484.0,4,3.804687493698486,0.9511718734246215,0.0,3.804687493698486,4,1484.0,371.0,0.0,1484.0,4,1484.0,371.0,0.0,1484.0,4,1.960301164,0.490075291,0.262833676,0.722792608,4,390.0,97.5,0.0,390.0,4,1,0.25,0,1,4
49900.0,0.0,0.0,0.0,0.0,11,0.0,0.0,0.0,0.0,11,0.0,0.0,0.0,0.0,11,0.0,0.0,0.0,0.0,11,0.0,0.0,0.0,0.0,11,3.8850102669999997,0.35318275154545453,0.010951403,0.824093087,11,0.0,0.0,0.0,0.0,11,0,0.0,0,0,11
49920.0,0.0,0.0,0.0,0.0,2,0.0,0.0,0.0,0.0,2,0.0,0.0,0.0,0.0,2,0.0,0.0,0.0,0.0,2,0.0,0.0,0.0,0.0,2,0.547570157,0.2737850785,0.17522245,0.372347707,2,0.0,0.0,0.0,0.0,2,0,0.0,0,0,2
50000.0,0.0,0.0,0.0,0.0,3,0.0,0.0,0.0,0.0,3,0.0,0.0,0.0,0.0,3,0.0,0.0,0.0,0.0,3,0.0,0.0,0.0,0.0,3,1.845311431,0.6151038103333334,0.514715948,0.711841205,3,0.0,0.0,0.0,0.0,3,0,0.0,0,0,3
50100.0,0.0,0.0,0.0,0.0,3,0.0,0.0,0.0,0.0,3,0.0,0.0,0.0,0.0,3,0.0,0.0,0.0,0.0,3,0.0,0.0,0.0,0.0,3,0.481861739,0.16062057966666668,0.071184121,0.309377139,3,0.0,0.0,0.0,0.0,3,0,0.0,0,0,3
50199.99999999999,14476.0,761.8947368421053,0.0,9630.0,19,27271.0,1435.3157894736842,0.0,18512.0,19,5.6652245928512155,0.29816971541322185,0.0,2.57218309708809,19,27271.0,1435.3157894736842,0.0,18512.0,19,27271.0,1435.3157894736842,0.0,18512.0,19,9.516769338,0.5008825967368421,0.030116359,0.936344969,19,14476.389969,761.9152615263158,0.0,9630.349976,19,3,0.15789473684210525,0,1,19
50300.0,480.0,68.57142857142857,0.0,480.0,7,569.0,81.28571428571429,0.0,569.0,7,1.185876623990738,0.16941094628439113,0.0,1.185876623990738,7,569.0,81.28571428571429,0.0,569.0,7,569.0,81.28571428571429,0.0,569.0,7,5.431895962,0.7759851374285713,0.158795346,0.999315537,7,480.0,68.57142857142857,0.0,480.0,7,1,0.14285714285714285,0,1,7
50400.0,0.0,0.0,0.0,0.0,1,0.0,0.0,0.0,0.0,1,0.0,0.0,0.0,0.0,1,0.0,0.0,0.0,0.0,1,0.0,0.0,0.0,0.0,1,0.098562628,0.098562628,0.098562628,0.098562628,1,0.0,0.0,0.0,0.0,1,0,0.0,0,0,1
50439.99999999999,0.0,0.0,0.0,0.0,1,0.0,0.0,0.0,0.0,1,0.0,0.0,0.0,0.0,1,0.0,0.0,0.0,0.0,1,0.0,0.0,0.0,0.0,1,0.402464066,0.402464066,0.402464066,0.402464066,1,0.0,0.0,0.0,0.0,1,0,0.0,0,0,1
50500.0,200.0,25.0,0.0,200.0,8,812.0,101.5,0.0,812.0,8,4.058333330729236,0.5072916663411545,0.0,4.058333330729236,8,812.0,101.5,0.0,812.0,8,812.0,101.5,0.0,812.0,8,2.283367557,0.285420944625,0.112251882,0.925393566,8,200.0,25.0,0.0,200.0,8,1,0.125,0,1,8
50599.99999999999,526.0,87.66666666666667,0.0,526.0,6,2171.0,361.8333333333333,0.0,2171.0,6,4.12711864681338,0.68785310780223,0.0,4.12711864681338,6,2171.0,361.8333333333333,0.0,2171.0,6,2171.0,361.8333333333333,0.0,2171.0,6,1.817932922,0.30298882033333335,0.010951403,0.484599589,6,1051.129999,175.18833316666667,0.0,1051.129999,6,2,0.3333333333333333,0,2,6
50700.0,1144.0,286.0,0.0,1144.0,4,1388.0,347.0,0.0,1388.0,4,1.2134551493938208,0.3033637873484552,0.0,1.2134551493938208,4,1388.0,347.0,0.0,1388.0,4,1388.0,347.0,0.0,1388.0,4,2.735112937,0.68377823425,0.309377139,0.829568789,4,1144.289999,286.07249975,0.0,1144.289999,4,1,0.25,0,1,4
50800.0,0.0,0.0,0.0,0.0,6,0.0,0.0,0.0,0.0,6,0.0,0.0,0.0,0.0,6,0.0,0.0,0.0,0.0,6,0.0,0.0,0.0,0.0,6,2.6228610540000004,0.43714350900000004,0.084873374,0.963723477,6,0.0,0.0,0.0,0.0,6,0,0.0,0,0,6
50900.0,1142.0,142.75,0.0,942.0,8,2933.0,366.625,0.0,1695.0,8,7.989939066051834,0.9987423832564792,0.0,6.1906779829949015,8,2933.0,366.625,0.0,1695.0,8,2933.0,366.625,0.0,1695.0,8,3.4825462,0.435318275,0.084873374,0.999315537,8,1141.9099999,142.7387499875,0.0,941.9099999,8,2,0.25,0,1,8
51000.0,0.0,0.0,0.0,0.0,3,0.0,0.0,0.0,0.0,3,0.0,0.0,0.0,0.0,3,0.0,0.0,0.0,0.0,3,0.0,0.0,0.0,0.0,3,0.651608488,0.21720282933333335,0.005475702,0.558521561,3,0.0,0.0,0.0,0.0,3,0,0.0,0,0,3
51100.0,0.0,0.0,0.0,0.0,7,0.0,0.0,0.0,0.0,7,0.0,0.0,0.0,0.0,7,0.0,0.0,0.0,0.0,7,0.0,0.0,0.0,0.0,7,1.327857632,0.18969394742857143,0.010951403,0.605065024,7,0.0,0.0,0.0,0.0,7,0,0.0,0,0,7
51200.0,0.0,0.0,0.0,0.0,19,0.0,0.0,0.0,0.0,19,0.0,0.0,0.0,0.0,19,0.0,0.0,0.0,0.0,19,0.0,0.0,0.0,0.0,19,11.047227924,0.581433048631579,0.010951403,0.999315537,19,0.0,0.0,0.0,0.0,19,0,0.0,0,0,19
51300.0,0.0,0.0,0.0,0.0,2,0.0,0.0,0.0,0.0,2,0.0,0.0,0.0,0.0,2,0.0,0.0,0.0,0.0,2,0.0,0.0,0.0,0.0,2,1.678302533,0.8391512665,0.700889802,0.977412731,2,0.0,0.0,0.0,0.0,2,0,0.0,0,0,2
51400.0,390.0,43.333333333333336,0.0,390.0,9,478.0,53.111111111111114,0.0,478.0,9,1.22567114028666,0.13618568225407335,0.0,1.22567114028666,9,478.0,53.111111111111114,0.0,478.0,9,478.0,53.111111111111114,0.0,478.0,9,4.602327173,0.5113696858888889,0.084873374,0.815879535,9,390.0,43.333333333333336,0.0,390.0,9,1,0.1111111111111111,0,1,9
51500.0,0.0,0.0,0.0,0.0,4,0.0,0.0,0.0,0.0,4,0.0,0.0,0.0,0.0,4,0.0,0.0,0.0,0.0,4,0.0,0.0,0.0,0.0,4,0.755646816,0.188911704,0.03559206,0.290212183,4,0.0,0.0,0.0,0.0,4,0,0.0,0,0,4
51600.0,0.0,0.0,0.0,0.0,19,0.0,0.0,0.0,0.0,19,0.0,0.0,0.0,0.0,19,0.0,0.0,0.0,0.0,19,0.0,0.0,0.0,0.0,19,2.529774128,0.1331460067368421,0.005475702,0.405201917,19,0.0,0.0,0.0,0.0,19,0,0.0,0,0,19
51700.0,368.0,19.36842105263158,0.0,368.0,19,13441.0,707.421052631579,0.0,13441.0,19,36.5249998283325,1.9223684120174998,0.0,36.5249998283325,19,13441.0,707.421052631579,0.0,13441.0,19,13441.0,707.421052631579,0.0,13441.0,19,2.929500344,0.15418422863157896,0.021902806,0.320328542,19,367.7299995,19.3542105,0.0,367.7299995,19,1,0.05263157894736842,0,1,19
51790.0,0.0,0.0,0.0,0.0,2,0.0,0.0,0.0,0.0,2,0.0,0.0,0.0,0.0,2,0.0,0.0,0.0,0.0,2,0.0,0.0,0.0,0.0,2,0.681724846,0.340862423,0.334017796,0.34770705,2,0.0,0.0,0.0,0.0,2,0,0.0,0,0,2
51800.0,0.0,0.0,0.0,0.0,7,0.0,0.0,0.0,0.0,7,0.0,0.0,0.0,0.0,7,0.0,0.0,0.0,0.0,7,0.0,0.0,0.0,0.0,7,3.726214921,0.5323164172857143,0.238193019,0.941820671,7,0.0,0.0,0.0,0.0,7,0,0.0,0,0,7
51900.00000000001,2439.0,304.875,0.0,2439.0,8,9477.0,1184.625,0.0,9477.0,8,3.885638297727663,0.4857047872159579,0.0,3.885638297727663,8,9477.0,1184.625,0.0,9477.0,8,9477.0,1184.625,0.0,9477.0,8,1.5249828879999998,0.19062286099999998,0.114989733,0.257357974,8,2438.539993,304.817499125,0.0,2438.539993,8,1,0.125,0,1,8
51990.0,0.0,0.0,0.0,0.0,6,0.0,0.0,0.0,0.0,6,0.0,0.0,0.0,0.0,6,0.0,0.0,0.0,0.0,6,0.0,0.0,0.0,0.0,6,1.125256674,0.18754277900000002,0.079397673,0.377823409,6,0.0,0.0,0.0,0.0,6,0,0.0,0,0,6
52000.0,0.0,0.0,0.0,0.0,1,0.0,0.0,0.0,0.0,1,0.0,0.0,0.0,0.0,1,0.0,0.0,0.0,0.0,1,0.0,0.0,0.0,0.0,1,0.558521561,0.558521561,0.558521561,0.558521561,1,0.0,0.0,0.0,0.0,1,0,0.0,0,0,1
52100.0,0.0,0.0,0.0,0.0,9,0.0,0.0,0.0,0.0,9,0.0,0.0,0.0,0.0,9,0.0,0.0,0.0,0.0,9,0.0,0.0,0.0,0.0,9,2.924024642,0.3248916268888889,0.052019165,0.791238878,9,0.0,0.0,0.0,0.0,9,0,0.0,0,0,9
52200.0,0.0,0.0,0.0,0.0,2,0.0,0.0,0.0,0.0,2,0.0,0.0,0.0,0.0,2,0.0,0.0,0.0,0.0,2,0.0,0.0,0.0,0.0,2,1.259411362,0.629705681,0.41889117,0.840520192,2,0.0,0.0,0.0,0.0,2,0,0.0,0,0,2
52300.00000000001,0.0,0.0,0.0,0.0,3,0.0,0.0,0.0,0.0,3,0.0,0.0,0.0,0.0,3,0.0,0.0,0.0,0.0,3,0.0,0.0,0.0,0.0,3,1.2402464069999999,0.413415469,0.142368241,0.583162218,3,0.0,0.0,0.0,0.0,3,0,0.0,0,0,3
52360.0,33666.0,378.2696629213483,0.0,20129.0,89,44159.0,496.1685393258427,0.0,26071.0,89,16.026201257060112,0.18006967704561924,0.0,2.5364583323491345,89,44159.0,496.1685393258427,0.0,26071.0,89,44159.0,496.1685393258427,0.0,26071.0,89,64.865160841,0.7288220319213484,0.002737851,0.999315537,89,35241.779927,395.9750553595506,0.0,20129.38995,89,13,0.14606741573033707,0,2,89
52400.0,3622.0,362.2,0.0,2115.0,10,24920.0,2492.0,0.0,21170.0,10,15.821135070477538,1.5821135070477539,0.0,14.048076817581268,10,24920.0,2492.0,0.0,21170.0,10,24920.0,2492.0,0.0,21170.0,10,4.944558520999999,0.4944558520999999,0.071184121,0.999315537,10,3621.319996,362.13199960000003,0.0,2114.779999,10,2,0.2,0,1,10
52500.0,998.0,49.9,0.0,798.0,20,1750.0,87.5,0.0,1307.0,20,3.851528738454624,0.19257643692273121,0.0,2.2136363630326445,20,1750.0,87.5,0.0,1307.0,20,1750.0,87.5,0.0,1307.0,20,7.066392884,0.3533196442,0.008213552,0.772073922,20,997.7699986,49.88849993,0.0,797.7699986,20,2,0.1,0,1,20
52600.0,0.0,0.0,0.0,0.0,3,0.0,0.0,0.0,0.0,3,0.0,0.0,0.0,0.0,3,0.0,0.0,0.0,0.0,3,0.0,0.0,0.0,0.0,3,0.62422998,0.20807666,0.030116359,0.320328542,3,0.0,0.0,0.0,0.0,3,0,0.0,0,0,3
52699.99999999999,1305.0,48.333333333333336,0.0,665.0,27,2476.0,91.70370370370371,0.0,1380.0,27,5.797619048464186,0.21472663142459947,0.0,2.536458335565945,27,2476.0,91.70370370370371,0.0,1380.0,27,2476.0,91.70370370370371,0.0,1380.0,27,12.670773443,0.46928790529629627,0.123203285,0.917180014,27,1305.0199995,48.334074055555554,0.0,665.0699997,27,3,0.1111111111111111,0,1,27
52800.0,801.0,160.2,0.0,801.0,5,9143.0,1828.6,0.0,9143.0,5,11.4140625245224,2.28281250490448,0.0,11.4140625245224,5,9143.0,1828.6,0.0,9143.0,5,9143.0,1828.6,0.0,9143.0,5,1.675564681,0.3351129362,0.150581793,0.670773443,5,1601.419997,320.28399939999997,0.0,1601.419997,5,2,0.4,0,2,5
52900.0,390.0,65.0,0.0,390.0,6,863.0,143.83333333333334,0.0,863.0,6,2.2136363630326445,0.3689393938387741,0.0,2.2136363630326445,6,863.0,143.83333333333334,0.0,863.0,6,863.0,143.83333333333334,0.0,863.0,6,3.608487338,0.6014145563333334,0.06844627,0.991101985,6,389.9499998,64.99166663333334,0.0,389.9499998,6,1,0.16666666666666666,0,1,6
52990.00000000001,0.0,0.0,0.0,0.0,5,0.0,0.0,0.0,0.0,5,0.0,0.0,0.0,0.0,5,0.0,0.0,0.0,0.0,5,0.0,0.0,0.0,0.0,5,2.0479123880000003,0.40958247760000005,0.17522245,0.536618754,5,0.0,0.0,0.0,0.0,5,0,0.0,0,0,5
53000.0,7539.0,1077.0,0.0,7539.0,7,12077.0,1725.2857142857142,0.0,12077.0,7,1.6019736828404174,0.22885338326291677,0.0,1.6019736828404174,7,12077.0,1725.2857142857142,0.0,12077.0,7,12077.0,1725.2857142857142,0.0,12077.0,7,2.247775498,0.32111078542857147,0.002737851,0.62696783,7,7539.419998,1077.0599997142858,0.0,7539.419998,7,1,0.14285714285714285,0,1,7
53099.99999999999,0.0,0.0,0.0,0.0,7,0.0,0.0,0.0,0.0,7,0.0,0.0,0.0,0.0,7,0.0,0.0,0.0,0.0,7,0.0,0.0,0.0,0.0,7,2.959616701,0.42280238585714286,0.030116359,0.654346338,7,0.0,0.0,0.0,0.0,7,0,0.0,0,0,7
53200.0,0.0,0.0,0.0,0.0,4,0.0,0.0,0.0,0.0,4,0.0,0.0,0.0,0.0,4,0.0,0.0,0.0,0.0,4,0.0,0.0,0.0,0.0,4,2.535249829,0.63381245725,0.229979466,0.914442163,4,0.0,0.0,0.0,0.0,4,0,0.0,0,0,4
53300.0,1115.0,185.83333333333334,0.0,1115.0,6,2431.0,405.1666666666667,0.0,2431.0,6,2.180597014186574,0.3634328356977623,0.0,2.180597014186574,6,2431.0,405.1666666666667,0.0,2431.0,6,2431.0,405.1666666666667,0.0,2431.0,6,3.427789186,0.5712981976666667,0.090349076,0.917180014,6,2230.74,371.78999999999996,0.0,2230.74,6,2,0.3333333333333333,0,2,6
53400.0,0.0,0.0,0.0,0.0,3,0.0,0.0,0.0,0.0,3,0.0,0.0,0.0,0.0,3,0.0,0.0,0.0,0.0,3,0.0,0.0,0.0,0.0,3,1.483915127,0.49463837566666663,0.117727584,0.711841205,3,0.0,0.0,0.0,0.0,3,0,0.0,0,0,3
53500.0,0.0,0.0,0.0,0.0,2,0.0,0.0,0.0,0.0,2,0.0,0.0,0.0,0.0,2,0.0,0.0,0.0,0.0,2,0.0,0.0,0.0,0.0,2,0.9938398350000001,0.49691991750000003,0.046543463,0.947296372,2,0.0,0.0,0.0,0.0,2,0,0.0,0,0,2
53540.0,0.0,0.0,0.0,0.0,1,0.0,0.0,0.0,0.0,1,0.0,0.0,0.0,0.0,1,0.0,0.0,0.0,0.0,1,0.0,0.0,0.0,0.0,1,0.618754278,0.618754278,0.618754278,0.618754278,1,0.0,0.0,0.0,0.0,1,0,0.0,0,0,1
53600.0,0.0,0.0,0.0,0.0,4,0.0,0.0,0.0,0.0,4,0.0,0.0,0.0,0.0,4,0.0,0.0,0.0,0.0,4,0.0,0.0,0.0,0.0,4,3.520876113,0.88021902825,0.774811773,0.944558522,4,0.0,0.0,0.0,0.0,4,0,0.0,0,0,4
53700.0,511.0,63.875,0.0,511.0,8,3246.0,405.75,0.0,3246.0,8,6.352173903363318,0.7940217379204147,0.0,6.352173903363318,8,3246.0,405.75,0.0,3246.0,8,3246.0,405.75,0.0,3246.0,8,2.880219028,0.3600273785,0.13963039,0.810403833,8,1022.96,127.87,0.0,1022.96,8,2,0.25,0,2,8
53900.0,0.0,0.0,0.0,0.0,6,0.0,0.0,0.0,0.0,6,0.0,0.0,0.0,0.0,6,0.0,0.0,0.0,0.0,6,0.0,0.0,0.0,0.0,6,0.9117043119999999,0.15195071866666665,0.024640657,0.342231348,6,0.0,0.0,0.0,0.0,6,0,0.0,0,0,6
53990.0,0.0,0.0,0.0,0.0,2,0.0,0.0,0.0,0.0,2,0.0,0.0,0.0,0.0,2,0.0,0.0,0.0,0.0,2,0.0,0.0,0.0,0.0,2,1.689253936,0.844626968,0.788501027,0.900752909,2,0.0,0.0,0.0,0.0,2,0,0.0,0,0,2
54000.0,0.0,0.0,0.0,0.0,9,0.0,0.0,0.0,0.0,9,0.0,0.0,0.0,0.0,9,0.0,0.0,0.0,0.0,9,0.0,0.0,0.0,0.0,9,2.321697468,0.2579663853333333,0.016427105,0.577686516,9,0.0,0.0,0.0,0.0,9,0,0.0,0,0,9
54100.0,0.0,0.0,0.0,0.0,5,0.0,0.0,0.0,0.0,5,0.0,0.0,0.0,0.0,5,0.0,0.0,0.0,0.0,5,0.0,0.0,0.0,0.0,5,1.4045174550000001,0.280903491,0.030116359,0.610540726,5,0.0,0.0,0.0,0.0,5,0,0.0,0,0,5
54200.0,0.0,0.0,0.0,0.0,4,0.0,0.0,0.0,0.0,4,0.0,0.0,0.0,0.0,4,0.0,0.0,0.0,0.0,4,0.0,0.0,0.0,0.0,4,1.475701575,0.36892539375,0.109514032,0.714579055,4,0.0,0.0,0.0,0.0,4,0,0.0,0,0,4
54300.0,535.0,31.470588235294116,0.0,535.0,17,651.0,38.294117647058826,0.0,651.0,17,1.217500000206975,0.07161764707099852,0.0,1.217500000206975,17,651.0,38.294117647058826,0.0,651.0,17,651.0,38.294117647058826,0.0,651.0,17,7.370294319,0.43354672464705885,0.043805613,0.821355236,17,535.2699995,31.48647055882353,0.0,535.2699995,17,1,0.058823529411764705,0,1,17
54400.00000000001,0.0,0.0,0.0,0.0,5,0.0,0.0,0.0,0.0,5,0.0,0.0,0.0,0.0,5,0.0,0.0,0.0,0.0,5,0.0,0.0,0.0,0.0,5,3.520876112,0.7041752224,0.008213552,0.999315537,5,0.0,0.0,0.0,0.0,5,0,0.0,0,0,5
54500.0,0.0,0.0,0.0,0.0,5,0.0,0.0,0.0,0.0,5,0.0,0.0,0.0,0.0,5,0.0,0.0,0.0,0.0,5,0.0,0.0,0.0,0.0,5,2.855578371,0.5711156742,0.17522245,0.892539357,5,0.0,0.0,0.0,0.0,5,0,0.0,0,0,5
54600.0,0.0,0.0,0.0,0.0,5,0.0,0.0,0.0,0.0,5,0.0,0.0,0.0,0.0,5,0.0,0.0,0.0,0.0,5,0.0,0.0,0.0,0.0,5,1.426420261,0.2852840522,0.197125257,0.366872006,5,0.0,0.0,0.0,0.0,5,0,0.0,0,0,5
54700.0,0.0,0.0,0.0,0.0,16,0.0,0.0,0.0,0.0,16,0.0,0.0,0.0,0.0,16,0.0,0.0,0.0,0.0,16,0.0,0.0,0.0,0.0,16,7.195071867999999,0.44969199174999996,0.005475702,0.977412731,16,0.0,0.0,0.0,0.0,16,0,0.0,0,0,16
54800.00000000001,0.0,0.0,0.0,0.0,1,0.0,0.0,0.0,0.0,1,0.0,0.0,0.0,0.0,1,0.0,0.0,0.0,0.0,1,0.0,0.0,0.0,0.0,1,0.372347707,0.372347707,0.372347707,0.372347707,1,0.0,0.0,0.0,0.0,1,0,0.0,0,0,1
54890.0,0.0,0.0,0.0,0.0,2,0.0,0.0,0.0,0.0,2,0.0,0.0,0.0,0.0,2,0.0,0.0,0.0,0.0,2,0.0,0.0,0.0,0.0,2,0.607802875,0.3039014375,0.298425736,0.309377139,2,0.0,0.0,0.0,0.0,2,0,0.0,0,0,2
54900.0,1498.0,374.5,0.0,1498.0,4,2510.0,627.5,0.0,2510.0,4,1.6754587144588629,0.4188646786147157,0.0,1.6754587144588629,4,2510.0,627.5,0.0,2510.0,4,2510.0,627.5,0.0,2510.0,4,1.593429159,0.39835728975,0.158795346,0.632443532,4,1497.649998,374.4124995,0.0,1497.649998,4,1,0.25,0,1,4
54960.00000000001,0.0,0.0,0.0,0.0,1,0.0,0.0,0.0,0.0,1,0.0,0.0,0.0,0.0,1,0.0,0.0,0.0,0.0,1,0.0,0.0,0.0,0.0,1,0.131416838,0.131416838,0.131416838,0.131416838,1,0.0,0.0,0.0,0.0,1,0,0.0,0,0,1
54990.0,2536.0,87.44827586206897,0.0,1578.0,29,4087.0,140.93103448275863,0.0,2825.0,29,4.418683137518579,0.1523683840523648,0.0,1.7904411751080096,29,4087.0,140.93103448275863,0.0,2825.0,29,4087.0,140.93103448275863,0.0,2825.0,29,16.919917866,0.5834454436551724,0.041067762,0.865160849,29,2535.1299983,87.41827580344827,0.0,1577.619999,29,3,0.10344827586206896,0,1,29
55000.0,903.0,451.5,0.0,903.0,2,1050.0,525.0,0.0,1050.0,2,1.163216560725342,0.581608280362671,0.0,1.163216560725342,2,1050.0,525.0,0.0,1050.0,2,1050.0,525.0,0.0,1050.0,2,0.950034223,0.4750171115,0.090349076,0.859685147,2,902.7099991,451.35499955,0.0,902.7099991,2,1,0.5,0,1,2
55100.0,2427.0,110.31818181818181,0.0,2427.0,22,5472.0,248.72727272727272,0.0,5472.0,22,2.254629627166238,0.10248316487119263,0.0,2.254629627166238,22,5472.0,248.72727272727272,0.0,5472.0,22,5472.0,248.72727272727272,0.0,5472.0,22,10.647501713,0.48397735059090913,0.030116359,0.919917865,22,2427.169998,110.325909,0.0,2427.169998,22,1,0.045454545454545456,0,1,22
55300.0,1957.0,279.57142857142856,0.0,1957.0,7,6270.0,895.7142857142857,0.0,6270.0,7,3.203947365680835,0.45770676652583353,0.0,3.203947365680835,7,6270.0,895.7142857142857,0.0,6270.0,7,6270.0,895.7142857142857,0.0,6270.0,7,1.681040384,0.2401486262857143,0.019164956,0.62696783,7,3913.369995,559.0528564285714,0.0,3913.369995,7,2,0.2857142857142857,0,2,7
55400.0,6464.0,1077.3333333333333,0.0,6464.0,6,11985.0,1997.5,0.0,11985.0,6,1.8540609139291064,0.30901015232151774,0.0,1.8540609139291064,6,11985.0,1997.5,0.0,11985.0,6,11985.0,1997.5,0.0,11985.0,6,2.592744695,0.4321241158333333,0.249144422,0.599589322,6,6464.409988,1077.4016646666666,0.0,6464.409988,6,1,0.16666666666666666,0,1,6
55500.0,0.0,0.0,0.0,0.0,2,0.0,0.0,0.0,0.0,2,0.0,0.0,0.0,0.0,2,0.0,0.0,0.0,0.0,2,0.0,0.0,0.0,0.0,2,1.2265571519999998,0.6132785759999999,0.41889117,0.807665982,2,0.0,0.0,0.0,0.0,2,0,0.0,0,0,2
55530.0,1028.0,31.151515151515152,0.0,1028.0,33,2430.0,73.63636363636364,0.0,2430.0,33,2.3640776705283604,0.07163871728873819,0.0,2.3640776705283604,33,2430.0,73.63636363636364,0.0,2430.0,33,2430.0,73.63636363636364,0.0,2430.0,33,12.610540726,0.3821375977575758,0.005475702,0.845995893,33,2056.4,62.31515151515152,0.0,2056.4,33,2,0.06060606060606061,0,2,33
55599.99999999999,0.0,0.0,0.0,0.0,4,0.0,0.0,0.0,0.0,4,0.0,0.0,0.0,0.0,4,0.0,0.0,0.0,0.0,4,0.0,0.0,0.0,0.0,4,2.559890486,0.6399726215,0.136892539,0.873374401,4,0.0,0.0,0.0,0.0,4,0,0.0,0,0,4
55700.0,0.0,0.0,0.0,0.0,4,0.0,0.0,0.0,0.0,4,0.0,0.0,0.0,0.0,4,0.0,0.0,0.0,0.0,4,0.0,0.0,0.0,0.0,4,0.9281314169999999,0.23203285424999998,0.010951403,0.544832307,4,0.0,0.0,0.0,0.0,4,0,0.0,0,0,4
55800.0,0.0,0.0,0.0,0.0,9,0.0,0.0,0.0,0.0,9,0.0,0.0,0.0,0.0,9,0.0,0.0,0.0,0.0,9,0.0,0.0,0.0,0.0,9,4.8268309380000005,0.5363145486666667,0.076659822,0.711841205,9,0.0,0.0,0.0,0.0,9,0,0.0,0,0,9
55900.0,1905.0,119.0625,0.0,1168.0,16,2105.0,131.5625,0.0,1273.0,16,3.348563699334777,0.20928523120842357,0.0,1.1744372987568656,16,2105.0,131.5625,0.0,1273.0,16,2105.0,131.5625,0.0,1273.0,16,10.19028063,0.636892539375,0.021902806,0.999315537,16,1905.0499971000002,119.06562481875001,0.0,1168.169998,16,3,0.1875,0,1,16
56000.0,1511.0,251.83333333333334,0.0,1102.0,6,2489.0,414.8333333333333,0.0,1610.0,6,3.6095294104358375,0.6015882350726396,0.0,2.1485294108989748,6,2489.0,414.8333333333333,0.0,1610.0,6,2489.0,414.8333333333333,0.0,1610.0,6,2.5434633819999997,0.42391056366666663,0.030116359,0.955509925,6,1510.5999998000002,251.76666663333336,0.0,1101.65,6,2,0.3333333333333333,0,1,6
56100.0,0.0,0.0,0.0,0.0,4,0.0,0.0,0.0,0.0,4,0.0,0.0,0.0,0.0,4,0.0,0.0,0.0,0.0,4,0.0,0.0,0.0,0.0,4,1.2238193019999999,0.30595482549999997,0.134154689,0.561259411,4,0.0,0.0,0.0,0.0,4,0,0.0,0,0,4
56180.0,0.0,0.0,0.0,0.0,2,0.0,0.0,0.0,0.0,2,0.0,0.0,0.0,0.0,2,0.0,0.0,0.0,0.0,2,0.0,0.0,0.0,0.0,2,1.108829569,0.5544147845,0.462696783,0.646132786,2,0.0,0.0,0.0,0.0,2,0,0.0,0,0,2
56200.0,0.0,0.0,0.0,0.0,5,0.0,0.0,0.0,0.0,5,0.0,0.0,0.0,0.0,5,0.0,0.0,0.0,0.0,5,0.0,0.0,0.0,0.0,5,1.993155373,0.3986310746,0.136892539,0.643394935,5,0.0,0.0,0.0,0.0,5,0,0.0,0,0,5
56300.0,2418.0,201.5,0.0,2418.0,12,7422.0,618.5,0.0,7422.0,12,3.069327727971524,0.25577731066429366,0.0,3.069327727971524,12,7422.0,618.5,0.0,7422.0,12,7422.0,618.5,0.0,7422.0,12,3.05817933,0.2548482775,0.002737851,0.999315537,12,2417.879997,201.48999975,0.0,2417.879997,12,1,0.08333333333333333,0,1,12
56330.0,606.0,19.548387096774192,0.0,369.0,31,1080.0,34.83870967741935,0.0,674.0,31,3.5410387328142523,0.11422705589723395,0.0,1.8262500014221923,31,1080.0,34.83870967741935,0.0,674.0,31,1080.0,34.83870967741935,0.0,674.0,31,13.338809036,0.43028416245161294,0.041067762,0.673511294,31,606.1700001,19.553870970967743,0.0,369.1499996,31,2,0.06451612903225806,0,1,31
56400.0,829.0,118.42857142857143,0.0,829.0,7,2870.0,410.0,0.0,2870.0,7,3.46208530856552,0.49458361550936,0.0,3.46208530856552,7,2870.0,410.0,0.0,2870.0,7,2870.0,410.0,0.0,2870.0,7,2.505133469,0.35787620985714286,0.161533196,0.76659822,7,1657.939999,236.84857128571429,0.0,1657.939999,7,2,0.2857142857142857,0,2,7
56500.0,0.0,0.0,0.0,0.0,9,0.0,0.0,0.0,0.0,9,0.0,0.0,0.0,0.0,9,0.0,0.0,0.0,0.0,9,0.0,0.0,0.0,0.0,9,2.477754964,0.2753061071111111,0.005475702,0.788501027,9,0.0,0.0,0.0,0.0,9,0,0.0,0,0,9
56600.0,0.0,0.0,0.0,0.0,1,0.0,0.0,0.0,0.0,1,0.0,0.0,0.0,0.0,1,0.0,0.0,0.0,0.0,1,0.0,0.0,0.0,0.0,1,0.002737851,0.002737851,0.002737851,0.002737851,1,0.0,0.0,0.0,0.0,1,0,0.0,0,0,1
56700.0,0.0,0.0,0.0,0.0,18,0.0,0.0,0.0,0.0,18,0.0,0.0,0.0,0.0,18,0.0,0.0,0.0,0.0,18,0.0,0.0,0.0,0.0,18,7.060917183,0.39227317683333335,0.010951403,0.700889802,18,0.0,0.0,0.0,0.0,18,0,0.0,0,0,18
56900.00000000001,200.0,33.333333333333336,0.0,200.0,6,256.0,42.666666666666664,0.0,256.0,6,1.2815789479147783,0.21359649131912972,0.0,1.2815789479147783,6,256.0,42.666666666666664,0.0,256.0,6,256.0,42.666666666666664,0.0,256.0,6,3.720739219,0.6201232031666667,0.046543463,0.895277207,6,200.0,33.333333333333336,0.0,200.0,6,1,0.16666666666666666,0,1,6
56990.0,0.0,0.0,0.0,0.0,19,0.0,0.0,0.0,0.0,19,0.0,0.0,0.0,0.0,19,0.0,0.0,0.0,0.0,19,0.0,0.0,0.0,0.0,19,9.62902122,0.5067905905263158,0.043805613,0.999315537,19,0.0,0.0,0.0,0.0,19,0,0.0,0,0,19
57000.0,502.0,33.46666666666667,0.0,502.0,15,764.0,50.93333333333333,0.0,764.0,15,1.521874999795498,0.10145833331969986,0.0,1.521874999795498,15,764.0,50.93333333333333,0.0,764.0,15,764.0,50.93333333333333,0.0,764.0,15,8.372347708,0.5581565138666666,0.112251882,0.876112252,15,502.5,33.5,0.0,502.5,15,1,0.06666666666666667,0,1,15
57100.0,354.0,118.0,0.0,354.0,3,368.0,122.66666666666667,0.0,368.0,3,1.0405982909051337,0.3468660969683779,0.0,1.0405982909051337,3,368.0,122.66666666666667,0.0,368.0,3,368.0,122.66666666666667,0.0,368.0,3,2.1519507190000002,0.7173169063333334,0.260095825,0.960985626,3,353.77,117.92333333333333,0.0,353.77,3,1,0.3333333333333333,0,1,3
57200.0,0.0,0.0,0.0,0.0,15,0.0,0.0,0.0,0.0,15,0.0,0.0,0.0,0.0,15,0.0,0.0,0.0,0.0,15,0.0,0.0,0.0,0.0,15,6.622861057,0.44152407046666664,0.076659822,0.777549624,15,0.0,0.0,0.0,0.0,15,0,0.0,0,0,15
57300.00000000001,0.0,0.0,0.0,0.0,4,0.0,0.0,0.0,0.0,4,0.0,0.0,0.0,0.0,4,0.0,0.0,0.0,0.0,4,0.0,0.0,0.0,0.0,4,1.190965092,0.297741273,0.021902806,0.41889117,4,0.0,0.0,0.0,0.0,4,0,0.0,0,0,4
57400.0,0.0,0.0,0.0,0.0,6,0.0,0.0,0.0,0.0,6,0.0,0.0,0.0,0.0,6,0.0,0.0,0.0,0.0,6,0.0,0.0,0.0,0.0,6,3.0663928819999997,0.5110654803333333,0.019164956,0.878850103,6,0.0,0.0,0.0,0.0,6,0,0.0,0,0,6
57500.0,0.0,0.0,0.0,0.0,3,0.0,0.0,0.0,0.0,3,0.0,0.0,0.0,0.0,3,0.0,0.0,0.0,0.0,3,0.0,0.0,0.0,0.0,3,0.391512663,0.130504221,0.079397673,0.177960301,3,0.0,0.0,0.0,0.0,3,0,0.0,0,0,3
57600.0,0.0,0.0,0.0,0.0,4,0.0,0.0,0.0,0.0,4,0.0,0.0,0.0,0.0,4,0.0,0.0,0.0,0.0,4,0.0,0.0,0.0,0.0,4,1.451060918,0.3627652295,0.098562628,0.454483231,4,0.0,0.0,0.0,0.0,4,0,0.0,0,0,4
57699.99999999999,0.0,0.0,0.0,0.0,1,0.0,0.0,0.0,0.0,1,0.0,0.0,0.0,0.0,1,0.0,0.0,0.0,0.0,1,0.0,0.0,0.0,0.0,1,0.394250513,0.394250513,0.394250513,0.394250513,1,0.0,0.0,0.0,0.0,1,0,0.0,0,0,1
57800.0,0.0,0.0,0.0,0.0,2,0.0,0.0,0.0,0.0,2,0.0,0.0,0.0,0.0,2,0.0,0.0,0.0,0.0,2,0.0,0.0,0.0,0.0,2,0.821355236,0.410677618,0.265571526,0.55578371,2,0.0,0.0,0.0,0.0,2,0,0.0,0,0,2
57900.0,22340.0,2792.5,0.0,22340.0,8,41420.0,5177.5,0.0,41420.0,8,1.8540609139291064,0.2317576142411383,0.0,1.8540609139291064,8,41420.0,5177.5,0.0,41420.0,8,41420.0,5177.5,0.0,41420.0,8,4.55852156,0.569815195,0.407939767,0.922655715,8,22339.54999,2792.44374875,0.0,22339.54999,8,1,0.125,0,1,8
58000.0,0.0,0.0,0.0,0.0,2,0.0,0.0,0.0,0.0,2,0.0,0.0,0.0,0.0,2,0.0,0.0,0.0,0.0,2,0.0,0.0,0.0,0.0,2,1.14715948,0.57357974,0.27652293,0.87063655,2,0.0,0.0,0.0,0.0,2,0,0.0,0,0,2
58050.0,0.0,0.0,0.0,0.0,2,0.0,0.0,0.0,0.0,2,0.0,0.0,0.0,0.0,2,0.0,0.0,0.0,0.0,2,0.0,0.0,0.0,0.0,2,0.632443532,0.316221766,0.301163587,0.331279945,2,0.0,0.0,0.0,0.0,2,0,0.0,0,0,2
58099.99999999999,0.0,0.0,0.0,0.0,3,0.0,0.0,0.0,0.0,3,0.0,0.0,0.0,0.0,3,0.0,0.0,0.0,0.0,3,0.0,0.0,0.0,0.0,3,1.245722107,0.4152407023333333,0.084873374,0.804928131,3,0.0,0.0,0.0,0.0,3,0,0.0,0,0,3
58130.0,200.0,100.0,0.0,200.0,2,200.0,100.0,0.0,200.0,2,1.0006849318104818,0.5003424659052409,0.0,1.0006849318104818,2,200.0,100.0,0.0,200.0,2,200.0,100.0,0.0,200.0,2,1.007529089,0.5037645445,0.008213552,0.999315537,2,200.0,100.0,0.0,200.0,2,1,0.5,0,1,2
58200.0,0.0,0.0,0.0,0.0,7,0.0,0.0,0.0,0.0,7,0.0,0.0,0.0,0.0,7,0.0,0.0,0.0,0.0,7,0.0,0.0,0.0,0.0,7,2.6529774120000003,0.3789967731428572,0.325804244,0.432580424,7,0.0,0.0,0.0,0.0,7,0,0.0,0,0,7
58240.0,0.0,0.0,0.0,0.0,2,0.0,0.0,0.0,0.0,2,0.0,0.0,0.0,0.0,2,0.0,0.0,0.0,0.0,2,0.0,0.0,0.0,0.0,2,1.18275154,0.59137577,0.432580424,0.750171116,2,0.0,0.0,0.0,0.0,2,0,0.0,0,0,2
58300.0,369.0,61.5,0.0,369.0,6,443.0,73.83333333333333,0.0,443.0,6,1.2014802635738675,0.20024671059564458,0.0,1.2014802635738675,6,443.0,73.83333333333333,0.0,443.0,6,443.0,73.83333333333333,0.0,443.0,6,2.127310061,0.3545516768333334,0.125941136,0.832306639,6,369.1499996,61.52499993333333,0.0,369.1499996,6,1,0.16666666666666666,0,1,6
58500.0,0.0,0.0,0.0,0.0,3,0.0,0.0,0.0,0.0,3,0.0,0.0,0.0,0.0,3,0.0,0.0,0.0,0.0,3,0.0,0.0,0.0,0.0,3,1.092402464,0.3641341546666667,0.221765914,0.525667351,3,0.0,0.0,0.0,0.0,3,0,0.0,0,0,3
58600.0,0.0,0.0,0.0,0.0,1,0.0,0.0,0.0,0.0,1,0.0,0.0,0.0,0.0,1,0.0,0.0,0.0,0.0,1,0.0,0.0,0.0,0.0,1,0.999315537,0.999315537,0.999315537,0.999315537,1,0.0,0.0,0.0,0.0,1,0,0.0,0,0,1
58700.0,220.0,36.666666666666664,0.0,220.0,6,357.0,59.5,0.0,357.0,6,1.6233333336093,0.27055555560155004,0.0,1.6233333336093,6,357.0,59.5,0.0,357.0,6,357.0,59.5,0.0,357.0,6,1.6180698150000001,0.2696783025,0.038329911,0.616016427,6,219.8299928,36.638332133333336,0.0,219.8299928,6,1,0.16666666666666666,0,1,6
58800.0,0.0,0.0,0.0,0.0,1,0.0,0.0,0.0,0.0,1,0.0,0.0,0.0,0.0,1,0.0,0.0,0.0,0.0,1,0.0,0.0,0.0,0.0,1,0.76386037,0.76386037,0.76386037,0.76386037,1,0.0,0.0,0.0,0.0,1,0,0.0,0,0,1
58900.0,0.0,0.0,0.0,0.0,1,0.0,0.0,0.0,0.0,1,0.0,0.0,0.0,0.0,1,0.0,0.0,0.0,0.0,1,0.0,0.0,0.0,0.0,1,0.865160849,0.865160849,0.865160849,0.865160849,1,0.0,0.0,0.0,0.0,1,0,0.0,0,0,1
58990.0,1132.0,70.75,0.0,1132.0,16,3040.0,190.0,0.0,3040.0,16,2.6856617650662744,0.16785386031664215,0.0,2.6856617650662744,16,3040.0,190.0,0.0,3040.0,16,3040.0,190.0,0.0,3040.0,16,5.10882957,0.319301848125,0.005475702,0.862422998,16,1131.82,70.73875,0.0,1131.82,16,1,0.0625,0,1,16
59000.0,0.0,0.0,0.0,0.0,2,0.0,0.0,0.0,0.0,2,0.0,0.0,0.0,0.0,2,0.0,0.0,0.0,0.0,2,0.0,0.0,0.0,0.0,2,0.881587954,0.440793977,0.158795346,0.722792608,2,0.0,0.0,0.0,0.0,2,0,0.0,0,0,2
59100.0,0.0,0.0,0.0,0.0,4,0.0,0.0,0.0,0.0,4,0.0,0.0,0.0,0.0,4,0.0,0.0,0.0,0.0,4,0.0,0.0,0.0,0.0,4,2.069815195,0.51745379875,0.257357974,0.725530459,4,0.0,0.0,0.0,0.0,4,0,0.0,0,0,4
59200.0,0.0,0.0,0.0,0.0,9,0.0,0.0,0.0,0.0,9,0.0,0.0,0.0,0.0,9,0.0,0.0,0.0,0.0,9,0.0,0.0,0.0,0.0,9,2.833675565,0.31485284055555557,0.002737851,0.533880904,9,0.0,0.0,0.0,0.0,9,0,0.0,0,0,9
59240.00000000001,0.0,0.0,0.0,0.0,1,0.0,0.0,0.0,0.0,1,0.0,0.0,0.0,0.0,1,0.0,0.0,0.0,0.0,1,0.0,0.0,0.0,0.0,1,0.355920602,0.355920602,0.355920602,0.355920602,1,0.0,0.0,0.0,0.0,1,0,0.0,0,0,1
59300.0,0.0,0.0,0.0,0.0,4,0.0,0.0,0.0,0.0,4,0.0,0.0,0.0,0.0,4,0.0,0.0,0.0,0.0,4,0.0,0.0,0.0,0.0,4,0.9774127320000001,0.24435318300000003,0.082135524,0.506502396,4,0.0,0.0,0.0,0.0,4,0,0.0,0,0,4
59320.00000000001,354.0,177.0,0.0,354.0,2,593.0,296.5,0.0,593.0,2,1.6754587144588629,0.8377293572294314,0.0,1.6754587144588629,2,593.0,296.5,0.0,593.0,2,593.0,296.5,0.0,593.0,2,0.928131417,0.4640657085,0.331279945,0.596851472,2,353.77,176.885,0.0,353.77,2,1,0.5,0,1,2
59400.00000000001,0.0,0.0,0.0,0.0,4,0.0,0.0,0.0,0.0,4,0.0,0.0,0.0,0.0,4,0.0,0.0,0.0,0.0,4,0.0,0.0,0.0,0.0,4,2.33264887,0.5831622175,0.227241615,0.985626283,4,0.0,0.0,0.0,0.0,4,0,0.0,0,0,4
59500.0,0.0,0.0,0.0,0.0,2,0.0,0.0,0.0,0.0,2,0.0,0.0,0.0,0.0,2,0.0,0.0,0.0,0.0,2,0.0,0.0,0.0,0.0,2,1.399041753,0.6995208765,0.506502396,0.892539357,2,0.0,0.0,0.0,0.0,2,0,0.0,0,0,2
59600.0,0.0,0.0,0.0,0.0,2,0.0,0.0,0.0,0.0,2,0.0,0.0,0.0,0.0,2,0.0,0.0,0.0,0.0,2,0.0,0.0,0.0,0.0,2,0.736481862,0.368240931,0.323066393,0.413415469,2,0.0,0.0,0.0,0.0,2,0,0.0,0,0,2
59700.0,0.0,0.0,0.0,0.0,2,0.0,0.0,0.0,0.0,2,0.0,0.0,0.0,0.0,2,0.0,0.0,0.0,0.0,2,0.0,0.0,0.0,0.0,2,1.1006160170000001,0.5503080085000001,0.262833676,0.837782341,2,0.0,0.0,0.0,0.0,2,0,0.0,0,0,2
59730.0,0.0,0.0,0.0,0.0,2,0.0,0.0,0.0,0.0,2,0.0,0.0,0.0,0.0,2,0.0,0.0,0.0,0.0,2,0.0,0.0,0.0,0.0,2,0.706365503,0.3531827515,0.008213552,0.698151951,2,0.0,0.0,0.0,0.0,2,0,0.0,0,0,2
59800.00000000001,2442.0,271.3333333333333,0.0,1747.0,9,4586.0,509.55555555555554,0.0,3506.0,9,3.561123451998468,0.3956803835553853,0.0,2.0068681329074027,9,4586.0,509.55555555555554,0.0,3506.0,9,4586.0,509.55555555555554,0.0,3506.0,9,4.577686516,0.5086318351111111,0.002737851,0.793976728,9,2441.7599963000002,271.30666625555557,0.0,1746.789997,9,2,0.2222222222222222,0,1,9
59900.0,1215.0,607.5,383.0,832.0,2,1939.0,969.5,576.0,1363.0,2,3.1409787957920736,1.5704893978960368,1.503086420370094,1.6378923754219796,2,1939.0,969.5,576.0,1363.0,2,1939.0,969.5,576.0,1363.0,2,1.275838467,0.6379192335,0.610540726,0.665297741,2,1214.8999863,607.44999315,383.3199997,831.5799866,2,2,1.0,1,1,2
60000.0,3699.0,3699.0,3699.0,3699.0,1,5606.0,5606.0,5606.0,5606.0,1,1.5155601652833544,1.5155601652833544,1.5155601652833544,1.5155601652833544,1,5606.0,5606.0,5606.0,5606.0,1,5606.0,5606.0,5606.0,5606.0,1,0.65982204,0.65982204,0.65982204,0.65982204,1,3699.25,3699.25,3699.25,3699.25,1,1,1.0,1,1,1
60100.0,672.0,224.0,0.0,672.0,3,3317.0,1105.6666666666667,0.0,3317.0,3,4.935810816847174,1.6452702722823913,0.0,4.935810816847174,3,3317.0,1105.6666666666667,0.0,3317.0,3,3317.0,1105.6666666666667,0.0,3317.0,3,1.642710472,0.5475701573333334,0.202600958,0.758384668,3,671.5899983,223.86333276666667,0.0,671.5899983,3,1,0.3333333333333333,0,1,3
60190.0,0.0,0.0,0.0,0.0,1,0.0,0.0,0.0,0.0,1,0.0,0.0,0.0,0.0,1,0.0,0.0,0.0,0.0,1,0.0,0.0,0.0,0.0,1,0.169746749,0.169746749,0.169746749,0.169746749,1,0.0,0.0,0.0,0.0,1,0,0.0,0,0,1
60199.99999999999,3334.0,666.8,0.0,3334.0,5,4832.0,966.4,0.0,4832.0,5,1.4494047626553466,0.2898809525310693,0.0,1.4494047626553466,5,4832.0,966.4,0.0,4832.0,5,4832.0,966.4,0.0,4832.0,5,1.683778234,0.33675564680000003,0.131416838,0.689938398,5,3334.219994,666.8439988,0.0,3334.219994,5,1,0.2,0,1,5
60300.0,0.0,0.0,0.0,0.0,1,0.0,0.0,0.0,0.0,1,0.0,0.0,0.0,0.0,1,0.0,0.0,0.0,0.0,1,0.0,0.0,0.0,0.0,1,0.76659822,0.76659822,0.76659822,0.76659822,1,0.0,0.0,0.0,0.0,1,0,0.0,0,0,1
60400.0,0.0,0.0,0.0,0.0,1,0.0,0.0,0.0,0.0,1,0.0,0.0,0.0,0.0,1,0.0,0.0,0.0,0.0,1,0.0,0.0,0.0,0.0,1,0.936344969,0.936344969,0.936344969,0.936344969,1,0.0,0.0,0.0,0.0,1,0,0.0,0,0,1
60500.0,994.0,110.44444444444444,0.0,994.0,9,1171.0,130.11111111111111,0.0,1171.0,9,1.178225806466816,0.1309139784963129,0.0,1.178225806466816,9,1171.0,130.11111111111111,0.0,1171.0,9,1171.0,130.11111111111111,0.0,1171.0,9,5.081451062,0.5646056735555556,0.030116359,0.8678987,9,994.0699997,110.4522221888889,0.0,994.0699997,9,1,0.1111111111111111,0,1,9
60599.99999999999,0.0,0.0,0.0,0.0,2,0.0,0.0,0.0,0.0,2,0.0,0.0,0.0,0.0,2,0.0,0.0,0.0,0.0,2,0.0,0.0,0.0,0.0,2,1.300479124,0.650239562,0.413415469,0.887063655,2,0.0,0.0,0.0,0.0,2,0,0.0,0,0,2
60700.0,0.0,0.0,0.0,0.0,2,0.0,0.0,0.0,0.0,2,0.0,0.0,0.0,0.0,2,0.0,0.0,0.0,0.0,2,0.0,0.0,0.0,0.0,2,0.503764545,0.2518822725,0.249144422,0.254620123,2,0.0,0.0,0.0,0.0,2,0,0.0,0,0,2
60800.0,0.0,0.0,0.0,0.0,1,0.0,0.0,0.0,0.0,1,0.0,0.0,0.0,0.0,1,0.0,0.0,0.0,0.0,1,0.0,0.0,0.0,0.0,1,0.681724846,0.681724846,0.681724846,0.681724846,1,0.0,0.0,0.0,0.0,1,0,0.0,0,0,1
60990.0,0.0,0.0,0.0,0.0,1,0.0,0.0,0.0,0.0,1,0.0,0.0,0.0,0.0,1,0.0,0.0,0.0,0.0,1,0.0,0.0,0.0,0.0,1,0.810403833,0.810403833,0.810403833,0.810403833,1,0.0,0.0,0.0,0.0,1,0,0.0,0,0,1
61000.0,0.0,0.0,0.0,0.0,4,0.0,0.0,0.0,0.0,4,0.0,0.0,0.0,0.0,4,0.0,0.0,0.0,0.0,4,0.0,0.0,0.0,0.0,4,0.783025325,0.19575633125,0.052019165,0.38329911,4,0.0,0.0,0.0,0.0,4,0,0.0,0,0,4
61100.0,0.0,0.0,0.0,0.0,4,0.0,0.0,0.0,0.0,4,0.0,0.0,0.0,0.0,4,0.0,0.0,0.0,0.0,4,0.0,0.0,0.0,0.0,4,2.379192334,0.5947980835,0.06844627,0.83504449,4,0.0,0.0,0.0,0.0,4,0,0.0,0,0,4
61200.0,0.0,0.0,0.0,0.0,4,0.0,0.0,0.0,0.0,4,0.0,0.0,0.0,0.0,4,0.0,0.0,0.0,0.0,4,0.0,0.0,0.0,0.0,4,3.091033539,0.77275838475,0.673511294,0.97467488,4,0.0,0.0,0.0,0.0,4,0,0.0,0,0,4
61240.0,0.0,0.0,0.0,0.0,1,0.0,0.0,0.0,0.0,1,0.0,0.0,0.0,0.0,1,0.0,0.0,0.0,0.0,1,0.0,0.0,0.0,0.0,1,0.429842574,0.429842574,0.429842574,0.429842574,1,0.0,0.0,0.0,0.0,1,0,0.0,0,0,1
61300.0,0.0,0.0,0.0,0.0,3,0.0,0.0,0.0,0.0,3,0.0,0.0,0.0,0.0,3,0.0,0.0,0.0,0.0,3,0.0,0.0,0.0,0.0,3,1.722108146,0.5740360486666667,0.298425736,0.980150582,3,0.0,0.0,0.0,0.0,3,0,0.0,0,0,3
61400.0,227.0,32.42857142857143,0.0,227.0,7,307.0,43.857142857142854,0.0,307.0,7,1.352777776909745,0.1932539681299636,0.0,1.352777776909745,7,307.0,43.857142857142854,0.0,307.0,7,307.0,43.857142857142854,0.0,307.0,7,2.078028749,0.29686124985714285,0.002737851,0.739219713,7,227.22,32.46,0.0,227.22,7,1,0.14285714285714285,0,1,7
61500.0,0.0,0.0,0.0,0.0,5,0.0,0.0,0.0,0.0,5,0.0,0.0,0.0,0.0,5,0.0,0.0,0.0,0.0,5,0.0,0.0,0.0,0.0,5,1.032169747,0.20643394939999998,0.153319644,0.287474333,5,0.0,0.0,0.0,0.0,5,0,0.0,0,0,5
61600.0,3986.0,362.3636363636364,0.0,3596.0,11,11273.0,1024.8181818181818,0.0,8585.0,11,9.278764348734034,0.843524031703094,0.0,6.891509444315782,11,11273.0,1024.8181818181818,0.0,8585.0,11,11273.0,1024.8181818181818,0.0,8585.0,11,3.8439425050000002,0.34944931863636364,0.213552361,0.596851472,11,4375.6499968,397.7863633454545,0.0,3595.699997,11,3,0.2727272727272727,0,2,11
61700.0,0.0,0.0,0.0,0.0,1,0.0,0.0,0.0,0.0,1,0.0,0.0,0.0,0.0,1,0.0,0.0,0.0,0.0,1,0.0,0.0,0.0,0.0,1,0.558521561,0.558521561,0.558521561,0.558521561,1,0.0,0.0,0.0,0.0,1,0,0.0,0,0,1
61800.0,530.0,66.25,0.0,530.0,8,803.0,100.375,0.0,803.0,8,1.5155601652833544,0.1894450206604193,0.0,1.5155601652833544,8,803.0,100.375,0.0,803.0,8,803.0,100.375,0.0,803.0,8,1.8370978789999999,0.22963723487499998,0.005475702,0.65982204,8,530.0,66.25,0.0,530.0,8,1,0.125,0,1,8
62000.0,0.0,0.0,0.0,0.0,8,0.0,0.0,0.0,0.0,8,0.0,0.0,0.0,0.0,8,0.0,0.0,0.0,0.0,8,0.0,0.0,0.0,0.0,8,2.540725531,0.317590691375,0.249144422,0.435318275,8,0.0,0.0,0.0,0.0,8,0,0.0,0,0,8
62100.0,0.0,0.0,0.0,0.0,3,0.0,0.0,0.0,0.0,3,0.0,0.0,0.0,0.0,3,0.0,0.0,0.0,0.0,3,0.0,0.0,0.0,0.0,3,0.191649555,0.063883185,0.049281314,0.084873374,3,0.0,0.0,0.0,0.0,3,0,0.0,0,0,3
62200.0,542.0,180.66666666666666,0.0,542.0,3,929.0,309.6666666666667,0.0,929.0,3,1.71478873139206,0.5715962437973533,0.0,1.71478873139206,3,929.0,309.6666666666667,0.0,929.0,3,929.0,309.6666666666667,0.0,929.0,3,1.793292266,0.5977640886666666,0.583162218,0.621492129,3,542.0,180.66666666666666,0.0,542.0,3,1,0.3333333333333333,0,1,3
62300.00000000001,0.0,0.0,0.0,0.0,6,0.0,0.0,0.0,0.0,6,0.0,0.0,0.0,0.0,6,0.0,0.0,0.0,0.0,6,0.0,0.0,0.0,0.0,6,2.01505818,0.33584303,0.120465435,0.558521561,6,0.0,0.0,0.0,0.0,6,0,0.0,0,0,6
62400.0,0.0,0.0,0.0,0.0,4,0.0,0.0,0.0,0.0,4,0.0,0.0,0.0,0.0,4,0.0,0.0,0.0,0.0,4,0.0,0.0,0.0,0.0,4,2.212183436,0.553045859,0.082135524,0.755646817,4,0.0,0.0,0.0,0.0,4,0,0.0,0,0,4
62500.0,0.0,0.0,0.0,0.0,1,0.0,0.0,0.0,0.0,1,0.0,0.0,0.0,0.0,1,0.0,0.0,0.0,0.0,1,0.0,0.0,0.0,0.0,1,0.227241615,0.227241615,0.227241615,0.227241615,1,0.0,0.0,0.0,0.0,1,0,0.0,0,0,1
62600.0,0.0,0.0,0.0,0.0,3,0.0,0.0,0.0,0.0,3,0.0,0.0,0.0,0.0,3,0.0,0.0,0.0,0.0,3,0.0,0.0,0.0,0.0,3,0.328542095,0.10951403166666666,0.090349076,0.145106092,3,0.0,0.0,0.0,0.0,3,0,0.0,0,0,3
62699.99999999999,0.0,0.0,0.0,0.0,3,0.0,0.0,0.0,0.0,3,0.0,0.0,0.0,0.0,3,0.0,0.0,0.0,0.0,3,0.0,0.0,0.0,0.0,3,1.478439425,0.4928131416666666,0.31211499,0.843258042,3,0.0,0.0,0.0,0.0,3,0,0.0,0,0,3
62790.0,0.0,0.0,0.0,0.0,1,0.0,0.0,0.0,0.0,1,0.0,0.0,0.0,0.0,1,0.0,0.0,0.0,0.0,1,0.0,0.0,0.0,0.0,1,0.136892539,0.136892539,0.136892539,0.136892539,1,0.0,0.0,0.0,0.0,1,0,0.0,0,0,1
62800.0,0.0,0.0,0.0,0.0,3,0.0,0.0,0.0,0.0,3,0.0,0.0,0.0,0.0,3,0.0,0.0,0.0,0.0,3,0.0,0.0,0.0,0.0,3,2.171115674,0.7237052246666668,0.561259411,0.829568789,3,0.0,0.0,0.0,0.0,3,0,0.0,0,0,3
63000.0,0.0,0.0,0.0,0.0,4,0.0,0.0,0.0,0.0,4,0.0,0.0,0.0,0.0,4,0.0,0.0,0.0,0.0,4,0.0,0.0,0.0,0.0,4,2.559890486,0.6399726215,0.098562628,0.829568789,4,0.0,0.0,0.0,0.0,4,0,0.0,0,0,4
63300.0,0.0,0.0,0.0,0.0,1,0.0,0.0,0.0,0.0,1,0.0,0.0,0.0,0.0,1,0.0,0.0,0.0,0.0,1,0.0,0.0,0.0,0.0,1,0.503764545,0.503764545,0.503764545,0.503764545,1,0.0,0.0,0.0,0.0,1,0,0.0,0,0,1
63400.0,0.0,0.0,0.0,0.0,5,0.0,0.0,0.0,0.0,5,0.0,0.0,0.0,0.0,5,0.0,0.0,0.0,0.0,5,0.0,0.0,0.0,0.0,5,2.64202601,0.528405202,0.48733744,0.577686516,5,0.0,0.0,0.0,0.0,5,0,0.0,0,0,5
63500.0,0.0,0.0,0.0,0.0,5,0.0,0.0,0.0,0.0,5,0.0,0.0,0.0,0.0,5,0.0,0.0,0.0,0.0,5,0.0,0.0,0.0,0.0,5,2.080766598,0.41615331959999996,0.306639288,0.509240246,5,0.0,0.0,0.0,0.0,5,0,0.0,0,0,5
63590.0,200.0,33.333333333333336,0.0,200.0,6,257.0,42.833333333333336,0.0,257.0,6,1.286091548544045,0.2143485914240075,0.0,1.286091548544045,6,257.0,42.833333333333336,0.0,257.0,6,257.0,42.833333333333336,0.0,257.0,6,3.794661192,0.632443532,0.221765914,0.911704312,6,200.0,33.333333333333336,0.0,200.0,6,1,0.16666666666666666,0,1,6
63800.0,2369.0,1184.5,390.0,1979.0,2,3388.0,1694.0,520.0,2868.0,2,2.7824339591566956,1.3912169795783478,1.3330291965013488,1.4494047626553466,2,3388.0,1694.0,520.0,2868.0,2,3388.0,1694.0,520.0,2868.0,2,1.440109514,0.720054757,0.689938398,0.750171116,2,2369.219997,1184.6099985,390.0,1979.219997,2,2,1.0,1,1,2
63900.0,0.0,0.0,0.0,0.0,1,0.0,0.0,0.0,0.0,1,0.0,0.0,0.0,0.0,1,0.0,0.0,0.0,0.0,1,0.0,0.0,0.0,0.0,1,0.101300479,0.101300479,0.101300479,0.101300479,1,0.0,0.0,0.0,0.0,1,0,0.0,0,0,1
63910.0,0.0,0.0,0.0,0.0,1,0.0,0.0,0.0,0.0,1,0.0,0.0,0.0,0.0,1,0.0,0.0,0.0,0.0,1,0.0,0.0,0.0,0.0,1,0.599589322,0.599589322,0.599589322,0.599589322,1,0.0,0.0,0.0,0.0,1,0,0.0,0,0,1
64000.0,0.0,0.0,0.0,0.0,3,0.0,0.0,0.0,0.0,3,0.0,0.0,0.0,0.0,3,0.0,0.0,0.0,0.0,3,0.0,0.0,0.0,0.0,3,1.163586585,0.387862195,0.227241615,0.65982204,3,0.0,0.0,0.0,0.0,3,0,0.0,0,0,3
64100.0,0.0,0.0,0.0,0.0,3,0.0,0.0,0.0,0.0,3,0.0,0.0,0.0,0.0,3,0.0,0.0,0.0,0.0,3,0.0,0.0,0.0,0.0,3,1.075975359,0.35865845300000004,0.010951403,0.539356605,3,0.0,0.0,0.0,0.0,3,0,0.0,0,0,3
64200.0,0.0,0.0,0.0,0.0,6,0.0,0.0,0.0,0.0,6,0.0,0.0,0.0,0.0,6,0.0,0.0,0.0,0.0,6,0.0,0.0,0.0,0.0,6,4.213552363,0.7022587271666666,0.057494867,0.980150582,6,0.0,0.0,0.0,0.0,6,0,0.0,0,0,6
64300.0,0.0,0.0,0.0,0.0,1,0.0,0.0,0.0,0.0,1,0.0,0.0,0.0,0.0,1,0.0,0.0,0.0,0.0,1,0.0,0.0,0.0,0.0,1,0.985626283,0.985626283,0.985626283,0.985626283,1,0.0,0.0,0.0,0.0,1,0,0.0,0,0,1
64400.00000000001,0.0,0.0,0.0,0.0,6,0.0,0.0,0.0,0.0,6,0.0,0.0,0.0,0.0,6,0.0,0.0,0.0,0.0,6,0.0,0.0,0.0,0.0,6,3.049965776,0.5083276293333333,0.087611225,0.635181383,6,0.0,0.0,0.0,0.0,6,0,0.0,0,0,6
64500.0,0.0,0.0,0.0,0.0,4,0.0,0.0,0.0,0.0,4,0.0,0.0,0.0,0.0,4,0.0,0.0,0.0,0.0,4,0.0,0.0,0.0,0.0,4,3.329226558,0.8323066395,0.610540726,0.999315537,4,0.0,0.0,0.0,0.0,4,0,0.0,0,0,4
64600.0,0.0,0.0,0.0,0.0,2,0.0,0.0,0.0,0.0,2,0.0,0.0,0.0,0.0,2,0.0,0.0,0.0,0.0,2,0.0,0.0,0.0,0.0,2,1.136208077,0.5681040385,0.443531828,0.692676249,2,0.0,0.0,0.0,0.0,2,0,0.0,0,0,2
64710.0,0.0,0.0,0.0,0.0,1,0.0,0.0,0.0,0.0,1,0.0,0.0,0.0,0.0,1,0.0,0.0,0.0,0.0,1,0.0,0.0,0.0,0.0,1,0.375085558,0.375085558,0.375085558,0.375085558,1,0.0,0.0,0.0,0.0,1,0,0.0,0,0,1
64800.00000000001,0.0,0.0,0.0,0.0,1,0.0,0.0,0.0,0.0,1,0.0,0.0,0.0,0.0,1,0.0,0.0,0.0,0.0,1,0.0,0.0,0.0,0.0,1,0.246406571,0.246406571,0.246406571,0.246406571,1,0.0,0.0,0.0,0.0,1,0,0.0,0,0,1
64900.0,0.0,0.0,0.0,0.0,2,0.0,0.0,0.0,0.0,2,0.0,0.0,0.0,0.0,2,0.0,0.0,0.0,0.0,2,0.0,0.0,0.0,0.0,2,0.131416838,0.065708419,0.049281314,0.082135524,2,0.0,0.0,0.0,0.0,2,0,0.0,0,0,2
65000.0,200.0,100.0,0.0,200.0,2,399.0,199.5,0.0,399.0,2,1.9959016395242208,0.9979508197621104,0.0,1.9959016395242208,2,399.0,199.5,0.0,399.0,2,399.0,199.5,0.0,399.0,2,0.985626283,0.4928131415,0.484599589,0.501026694,2,200.0,100.0,0.0,200.0,2,1,0.5,0,1,2
65100.0,0.0,0.0,0.0,0.0,14,0.0,0.0,0.0,0.0,14,0.0,0.0,0.0,0.0,14,0.0,0.0,0.0,0.0,14,0.0,0.0,0.0,0.0,14,3.619438742,0.2585313387142857,0.161533196,0.394250513,14,0.0,0.0,0.0,0.0,14,0,0.0,0,0,14
65199.99999999999,6126.0,3063.0,0.0,6126.0,2,13727.0,6863.5,0.0,13727.0,2,2.240797547531338,1.120398773765669,0.0,2.240797547531338,2,13727.0,6863.5,0.0,13727.0,2,13727.0,6863.5,0.0,13727.0,2,0.607802874,0.303901437,0.161533196,0.446269678,2,6125.809998,3062.904999,0.0,6125.809998,2,1,0.5,0,1,2
65240.0,0.0,0.0,0.0,0.0,2,0.0,0.0,0.0,0.0,2,0.0,0.0,0.0,0.0,2,0.0,0.0,0.0,0.0,2,0.0,0.0,0.0,0.0,2,0.7912388779999999,0.39561943899999996,0.328542095,0.462696783,2,0.0,0.0,0.0,0.0,2,0,0.0,0,0,2
65300.0,0.0,0.0,0.0,0.0,3,0.0,0.0,0.0,0.0,3,0.0,0.0,0.0,0.0,3,0.0,0.0,0.0,0.0,3,0.0,0.0,0.0,0.0,3,0.350444901,0.11681496699999999,0.038329911,0.229979466,3,0.0,0.0,0.0,0.0,3,0,0.0,0,0,3
65400.0,0.0,0.0,0.0,0.0,7,0.0,0.0,0.0,0.0,7,0.0,0.0,0.0,0.0,7,0.0,0.0,0.0,0.0,7,0.0,0.0,0.0,0.0,7,2.759753593,0.3942505132857143,0.229979466,0.547570157,7,0.0,0.0,0.0,0.0,7,0,0.0,0,0,7
65500.0,0.0,0.0,0.0,0.0,1,0.0,0.0,0.0,0.0,1,0.0,0.0,0.0,0.0,1,0.0,0.0,0.0,0.0,1,0.0,0.0,0.0,0.0,1,0.446269678,0.446269678,0.446269678,0.446269678,1,0.0,0.0,0.0,0.0,1,0,0.0,0,0,1
65600.0,390.0,48.75,0.0,390.0,8,411.0,51.375,0.0,411.0,8,1.0525936600917587,0.13157420751146984,0.0,1.0525936600917587,8,411.0,51.375,0.0,411.0,8,411.0,51.375,0.0,411.0,8,4.80219028,0.600273785,0.120465435,0.999315537,8,389.9499998,48.743749975,0.0,389.9499998,8,1,0.125,0,1,8
65800.0,0.0,0.0,0.0,0.0,4,0.0,0.0,0.0,0.0,4,0.0,0.0,0.0,0.0,4,0.0,0.0,0.0,0.0,4,0.0,0.0,0.0,0.0,4,2.162902122,0.5407255305,0.498288843,0.563997262,4,0.0,0.0,0.0,0.0,4,0,0.0,0,0,4
65900.0,0.0,0.0,0.0,0.0,9,0.0,0.0,0.0,0.0,9,0.0,0.0,0.0,0.0,9,0.0,0.0,0.0,0.0,9,0.0,0.0,0.0,0.0,9,6.376454484,0.7084949426666667,0.59137577,0.977412731,9,0.0,0.0,0.0,0.0,9,0,0.0,0,0,9
66000.0,369.0,184.5,0.0,369.0,2,741.0,370.5,0.0,741.0,2,2.0068681329074027,1.0034340664537014,0.0,2.0068681329074027,2,741.0,370.5,0.0,741.0,2,741.0,370.5,0.0,741.0,2,1.0704996580000001,0.5352498290000001,0.498288843,0.572210815,2,369.1499996,184.5749998,0.0,369.1499996,2,1,0.5,0,1,2
66100.0,0.0,0.0,0.0,0.0,2,0.0,0.0,0.0,0.0,2,0.0,0.0,0.0,0.0,2,0.0,0.0,0.0,0.0,2,0.0,0.0,0.0,0.0,2,0.12867898700000002,0.06433949350000001,0.062970568,0.065708419,2,0.0,0.0,0.0,0.0,2,0,0.0,0,0,2
66200.0,17735.0,8867.5,0.0,17735.0,2,51006.0,25503.0,0.0,51006.0,2,2.8759842516854346,1.4379921258427173,0.0,2.8759842516854346,2,51006.0,25503.0,0.0,51006.0,2,51006.0,25503.0,0.0,51006.0,2,0.481861739,0.2409308695,0.134154689,0.34770705,2,17734.81,8867.405,0.0,17734.81,2,1,0.5,0,1,2
66400.0,0.0,0.0,0.0,0.0,7,0.0,0.0,0.0,0.0,7,0.0,0.0,0.0,0.0,7,0.0,0.0,0.0,0.0,7,0.0,0.0,0.0,0.0,7,0.873374403,0.12476777185714286,0.005475702,0.210814511,7,0.0,0.0,0.0,0.0,7,0,0.0,0,0,7
66500.0,200.0,50.0,0.0,200.0,4,212.0,53.0,0.0,212.0,4,1.0617732555585415,0.2654433138896354,0.0,1.0617732555585415,4,212.0,53.0,0.0,212.0,4,212.0,53.0,0.0,212.0,4,1.656399728,0.414099932,0.238193019,0.941820671,4,200.0,50.0,0.0,200.0,4,1,0.25,0,1,4
66800.0,0.0,0.0,0.0,0.0,4,0.0,0.0,0.0,0.0,4,0.0,0.0,0.0,0.0,4,0.0,0.0,0.0,0.0,4,0.0,0.0,0.0,0.0,4,1.245722108,0.311430527,0.112251882,0.509240246,4,0.0,0.0,0.0,0.0,4,0,0.0,0,0,4
66900.0,1462.0,292.4,0.0,1462.0,5,1690.0,338.0,0.0,1690.0,5,1.155854430024029,0.2311708860048058,0.0,1.155854430024029,5,1690.0,338.0,0.0,1690.0,5,1690.0,338.0,0.0,1690.0,5,3.041752225,0.608350445,0.334017796,0.865160849,5,1462.189999,292.4379998,0.0,1462.189999,5,1,0.2,0,1,5
67000.0,0.0,0.0,0.0,0.0,1,0.0,0.0,0.0,0.0,1,0.0,0.0,0.0,0.0,1,0.0,0.0,0.0,0.0,1,0.0,0.0,0.0,0.0,1,0.807665982,0.807665982,0.807665982,0.807665982,1,0.0,0.0,0.0,0.0,1,0,0.0,0,0,1
67100.0,0.0,0.0,0.0,0.0,3,0.0,0.0,0.0,0.0,3,0.0,0.0,0.0,0.0,3,0.0,0.0,0.0,0.0,3,0.0,0.0,0.0,0.0,3,1.462012321,0.4873374403333333,0.260095825,0.887063655,3,0.0,0.0,0.0,0.0,3,0,0.0,0,0,3
67200.0,0.0,0.0,0.0,0.0,4,0.0,0.0,0.0,0.0,4,0.0,0.0,0.0,0.0,4,0.0,0.0,0.0,0.0,4,0.0,0.0,0.0,0.0,4,1.1197809730000001,0.27994524325000003,0.019164956,0.777549624,4,0.0,0.0,0.0,0.0,4,0,0.0,0,0,4
67300.0,0.0,0.0,0.0,0.0,2,0.0,0.0,0.0,0.0,2,0.0,0.0,0.0,0.0,2,0.0,0.0,0.0,0.0,2,0.0,0.0,0.0,0.0,2,0.736481862,0.368240931,0.292950034,0.443531828,2,0.0,0.0,0.0,0.0,2,0,0.0,0,0,2
67590.0,300.0,150.0,0.0,300.0,2,470.0,235.0,0.0,470.0,2,1.567596567510922,0.783798283755461,0.0,1.567596567510922,2,470.0,235.0,0.0,470.0,2,470.0,235.0,0.0,470.0,2,1.240246406,0.620123203,0.602327173,0.637919233,2,300.0,150.0,0.0,300.0,2,1,0.5,0,1,2
67700.0,0.0,0.0,0.0,0.0,2,0.0,0.0,0.0,0.0,2,0.0,0.0,0.0,0.0,2,0.0,0.0,0.0,0.0,2,0.0,0.0,0.0,0.0,2,1.3360711840000001,0.6680355920000001,0.65982204,0.676249144,2,0.0,0.0,0.0,0.0,2,0,0.0,0,0,2
67990.0,0.0,0.0,0.0,0.0,1,0.0,0.0,0.0,0.0,1,0.0,0.0,0.0,0.0,1,0.0,0.0,0.0,0.0,1,0.0,0.0,0.0,0.0,1,0.273785079,0.273785079,0.273785079,0.273785079,1,0.0,0.0,0.0,0.0,1,0,0.0,0,0,1
68000.0,0.0,0.0,0.0,0.0,3,0.0,0.0,0.0,0.0,3,0.0,0.0,0.0,0.0,3,0.0,0.0,0.0,0.0,3,0.0,0.0,0.0,0.0,3,1.327857632,0.44261921066666665,0.24366872,0.558521561,3,0.0,0.0,0.0,0.0,3,0,0.0,0,0,3
68200.0,0.0,0.0,0.0,0.0,1,0.0,0.0,0.0,0.0,1,0.0,0.0,0.0,0.0,1,0.0,0.0,0.0,0.0,1,0.0,0.0,0.0,0.0,1,0.45174538,0.45174538,0.45174538,0.45174538,1,0.0,0.0,0.0,0.0,1,0,0.0,0,0,1
68300.0,0.0,0.0,0.0,0.0,1,0.0,0.0,0.0,0.0,1,0.0,0.0,0.0,0.0,1,0.0,0.0,0.0,0.0,1,0.0,0.0,0.0,0.0,1,0.095824778,0.095824778,0.095824778,0.095824778,1,0.0,0.0,0.0,0.0,1,0,0.0,0,0,1
68400.0,0.0,0.0,0.0,0.0,1,0.0,0.0,0.0,0.0,1,0.0,0.0,0.0,0.0,1,0.0,0.0,0.0,0.0,1,0.0,0.0,0.0,0.0,1,0.314852841,0.314852841,0.314852841,0.314852841,1,0.0,0.0,0.0,0.0,1,0,0.0,0,0,1
68600.0,0.0,0.0,0.0,0.0,1,0.0,0.0,0.0,0.0,1,0.0,0.0,0.0,0.0,1,0.0,0.0,0.0,0.0,1,0.0,0.0,0.0,0.0,1,0.134154689,0.134154689,0.134154689,0.134154689,1,0.0,0.0,0.0,0.0,1,0,0.0,0,0,1
68800.0,0.0,0.0,0.0,0.0,2,0.0,0.0,0.0,0.0,2,0.0,0.0,0.0,0.0,2,0.0,0.0,0.0,0.0,2,0.0,0.0,0.0,0.0,2,0.577686516,0.288843258,0.153319644,0.424366872,2,0.0,0.0,0.0,0.0,2,0,0.0,0,0,2
68900.0,0.0,0.0,0.0,0.0,1,0.0,0.0,0.0,0.0,1,0.0,0.0,0.0,0.0,1,0.0,0.0,0.0,0.0,1,0.0,0.0,0.0,0.0,1,0.301163587,0.301163587,0.301163587,0.301163587,1,0.0,0.0,0.0,0.0,1,0,0.0,0,0,1
69400.0,0.0,0.0,0.0,0.0,1,0.0,0.0,0.0,0.0,1,0.0,0.0,0.0,0.0,1,0.0,0.0,0.0,0.0,1,0.0,0.0,0.0,0.0,1,0.164271047,0.164271047,0.164271047,0.164271047,1,0.0,0.0,0.0,0.0,1,0,0.0,0,0,1
69600.0,0.0,0.0,0.0,0.0,1,0.0,0.0,0.0,0.0,1,0.0,0.0,0.0,0.0,1,0.0,0.0,0.0,0.0,1,0.0,0.0,0.0,0.0,1,0.539356605,0.539356605,0.539356605,0.539356605,1,0.0,0.0,0.0,0.0,1,0,0.0,0,0,1
69800.0,0.0,0.0,0.0,0.0,1,0.0,0.0,0.0,0.0,1,0.0,0.0,0.0,0.0,1,0.0,0.0,0.0,0.0,1,0.0,0.0,0.0,0.0,1,0.777549624,0.777549624,0.777549624,0.777549624,1,0.0,0.0,0.0,0.0,1,0,0.0,0,0,1
69990.0,0.0,0.0,0.0,0.0,1,0.0,0.0,0.0,0.0,1,0.0,0.0,0.0,0.0,1,0.0,0.0,0.0,0.0,1,0.0,0.0,0.0,0.0,1,0.136892539,0.136892539,0.136892539,0.136892539,1,0.0,0.0,0.0,0.0,1,0,0.0,0,0,1
70000.0,0.0,0.0,0.0,0.0,3,0.0,0.0,0.0,0.0,3,0.0,0.0,0.0,0.0,3,0.0,0.0,0.0,0.0,3,0.0,0.0,0.0,0.0,3,1.672826831,0.5576089436666667,0.372347707,0.774811773,3,0.0,0.0,0.0,0.0,3,0,0.0,0,0,3
70100.0,0.0,0.0,0.0,0.0,1,0.0,0.0,0.0,0.0,1,0.0,0.0,0.0,0.0,1,0.0,0.0,0.0,0.0,1,0.0,0.0,0.0,0.0,1,0.725530459,0.725530459,0.725530459,0.725530459,1,0.0,0.0,0.0,0.0,1,0,0.0,0,0,1
70200.0,0.0,0.0,0.0,0.0,3,0.0,0.0,0.0,0.0,3,0.0,0.0,0.0,0.0,3,0.0,0.0,0.0,0.0,3,0.0,0.0,0.0,0.0,3,0.301163586,0.100387862,0.054757016,0.161533196,3,0.0,0.0,0.0,0.0,3,0,0.0,0,0,3
70400.0,0.0,0.0,0.0,0.0,2,0.0,0.0,0.0,0.0,2,0.0,0.0,0.0,0.0,2,0.0,0.0,0.0,0.0,2,0.0,0.0,0.0,0.0,2,0.44900753,0.224503765,0.134154689,0.314852841,2,0.0,0.0,0.0,0.0,2,0,0.0,0,0,2
70500.0,0.0,0.0,0.0,0.0,2,0.0,0.0,0.0,0.0,2,0.0,0.0,0.0,0.0,2,0.0,0.0,0.0,0.0,2,0.0,0.0,0.0,0.0,2,1.026694045,0.5133470225,0.191649555,0.83504449,2,0.0,0.0,0.0,0.0,2,0,0.0,0,0,2
70700.0,0.0,0.0,0.0,0.0,1,0.0,0.0,0.0,0.0,1,0.0,0.0,0.0,0.0,1,0.0,0.0,0.0,0.0,1,0.0,0.0,0.0,0.0,1,0.865160849,0.865160849,0.865160849,0.865160849,1,0.0,0.0,0.0,0.0,1,0,0.0,0,0,1
70900.0,0.0,0.0,0.0,0.0,5,0.0,0.0,0.0,0.0,5,0.0,0.0,0.0,0.0,5,0.0,0.0,0.0,0.0,5,0.0,0.0,0.0,0.0,5,2.269678303,0.4539356606,0.344969199,0.542094456,5,0.0,0.0,0.0,0.0,5,0,0.0,0,0,5
71500.0,369.0,23.0625,0.0,369.0,16,1321.0,82.5625,0.0,1321.0,16,3.580882356627379,0.2238051472892112,0.0,3.580882356627379,16,1321.0,82.5625,0.0,1321.0,16,1321.0,82.5625,0.0,1321.0,16,5.820670773,0.3637919233125,0.24366872,0.616016427,16,369.1499996,23.071874975,0.0,369.1499996,16,1,0.0625,0,1,16
71600.0,0.0,0.0,0.0,0.0,1,0.0,0.0,0.0,0.0,1,0.0,0.0,0.0,0.0,1,0.0,0.0,0.0,0.0,1,0.0,0.0,0.0,0.0,1,0.673511294,0.673511294,0.673511294,0.673511294,1,0.0,0.0,0.0,0.0,1,0,0.0,0,0,1
71610.0,0.0,0.0,0.0,0.0,1,0.0,0.0,0.0,0.0,1,0.0,0.0,0.0,0.0,1,0.0,0.0,0.0,0.0,1,0.0,0.0,0.0,0.0,1,0.114989733,0.114989733,0.114989733,0.114989733,1,0.0,0.0,0.0,0.0,1,0,0.0,0,0,1
71900.0,0.0,0.0,0.0,0.0,1,0.0,0.0,0.0,0.0,1,0.0,0.0,0.0,0.0,1,0.0,0.0,0.0,0.0,1,0.0,0.0,0.0,0.0,1,0.824093087,0.824093087,0.824093087,0.824093087,1,0.0,0.0,0.0,0.0,1,0,0.0,0,0,1
71990.0,22451.0,1603.642857142857,0.0,21669.0,14,22467.0,1604.7857142857142,0.0,21684.0,14,2.0013698636209636,0.14295499025864025,0.0,1.0006849318104818,14,22467.0,1604.7857142857142,0.0,21684.0,14,22467.0,1604.7857142857142,0.0,21684.0,14,8.156057492,0.5825755351428572,0.002737851,0.999315537,14,22451.4399587,1603.6742827642859,0.0,21669.07996,14,2,0.14285714285714285,0,1,14
72000.0,0.0,0.0,0.0,0.0,1,0.0,0.0,0.0,0.0,1,0.0,0.0,0.0,0.0,1,0.0,0.0,0.0,0.0,1,0.0,0.0,0.0,0.0,1,0.616016427,0.616016427,0.616016427,0.616016427,1,0.0,0.0,0.0,0.0,1,0,0.0,0,0,1
72100.0,0.0,0.0,0.0,0.0,2,0.0,0.0,0.0,0.0,2,0.0,0.0,0.0,0.0,2,0.0,0.0,0.0,0.0,2,0.0,0.0,0.0,0.0,2,0.621492129,0.3107460645,0.306639288,0.314852841,2,0.0,0.0,0.0,0.0,2,0,0.0,0,0,2
72500.0,0.0,0.0,0.0,0.0,1,0.0,0.0,0.0,0.0,1,0.0,0.0,0.0,0.0,1,0.0,0.0,0.0,0.0,1,0.0,0.0,0.0,0.0,1,0.043805613,0.043805613,0.043805613,0.043805613,1,0.0,0.0,0.0,0.0,1,0,0.0,0,0,1
72710.0,0.0,0.0,0.0,0.0,1,0.0,0.0,0.0,0.0,1,0.0,0.0,0.0,0.0,1,0.0,0.0,0.0,0.0,1,0.0,0.0,0.0,0.0,1,0.041067762,0.041067762,0.041067762,0.041067762,1,0.0,0.0,0.0,0.0,1,0,0.0,0,0,1
72790.0,0.0,0.0,0.0,0.0,2,0.0,0.0,0.0,0.0,2,0.0,0.0,0.0,0.0,2,0.0,0.0,0.0,0.0,2,0.0,0.0,0.0,0.0,2,0.996577686,0.498288843,0.459958932,0.536618754,2,0.0,0.0,0.0,0.0,2,0,0.0,0,0,2
73000.0,0.0,0.0,0.0,0.0,1,0.0,0.0,0.0,0.0,1,0.0,0.0,0.0,0.0,1,0.0,0.0,0.0,0.0,1,0.0,0.0,0.0,0.0,1,0.323066393,0.323066393,0.323066393,0.323066393,1,0.0,0.0,0.0,0.0,1,0,0.0,0,0,1
73100.0,0.0,0.0,0.0,0.0,2,0.0,0.0,0.0,0.0,2,0.0,0.0,0.0,0.0,2,0.0,0.0,0.0,0.0,2,0.0,0.0,0.0,0.0,2,0.670773443,0.3353867215,0.019164956,0.651608487,2,0.0,0.0,0.0,0.0,2,0,0.0,0,0,2
73200.0,0.0,0.0,0.0,0.0,4,0.0,0.0,0.0,0.0,4,0.0,0.0,0.0,0.0,4,0.0,0.0,0.0,0.0,4,0.0,0.0,0.0,0.0,4,2.71321013,0.6783025325,0.629705681,0.722792608,4,0.0,0.0,0.0,0.0,4,0,0.0,0,0,4
73300.0,0.0,0.0,0.0,0.0,1,0.0,0.0,0.0,0.0,1,0.0,0.0,0.0,0.0,1,0.0,0.0,0.0,0.0,1,0.0,0.0,0.0,0.0,1,0.594113621,0.594113621,0.594113621,0.594113621,1,0.0,0.0,0.0,0.0,1,0,0.0,0,0,1
73400.0,0.0,0.0,0.0,0.0,1,0.0,0.0,0.0,0.0,1,0.0,0.0,0.0,0.0,1,0.0,0.0,0.0,0.0,1,0.0,0.0,0.0,0.0,1,0.169746749,0.169746749,0.169746749,0.169746749,1,0.0,0.0,0.0,0.0,1,0,0.0,0,0,1
73500.0,0.0,0.0,0.0,0.0,1,0.0,0.0,0.0,0.0,1,0.0,0.0,0.0,0.0,1,0.0,0.0,0.0,0.0,1,0.0,0.0,0.0,0.0,1,0.637919233,0.637919233,0.637919233,0.637919233,1,0.0,0.0,0.0,0.0,1,0,0.0,0,0,1
73510.0,0.0,0.0,0.0,0.0,8,0.0,0.0,0.0,0.0,8,0.0,0.0,0.0,0.0,8,0.0,0.0,0.0,0.0,8,0.0,0.0,0.0,0.0,8,2.376454484,0.2970568105,0.052019165,0.542094456,8,0.0,0.0,0.0,0.0,8,0,0.0,0,0,8
73700.0,0.0,0.0,0.0,0.0,2,0.0,0.0,0.0,0.0,2,0.0,0.0,0.0,0.0,2,0.0,0.0,0.0,0.0,2,0.0,0.0,0.0,0.0,2,0.197125257,0.0985626285,0.062970568,0.134154689,2,0.0,0.0,0.0,0.0,2,0,0.0,0,0,2
73800.0,0.0,0.0,0.0,0.0,1,0.0,0.0,0.0,0.0,1,0.0,0.0,0.0,0.0,1,0.0,0.0,0.0,0.0,1,0.0,0.0,0.0,0.0,1,0.227241615,0.227241615,0.227241615,0.227241615,1,0.0,0.0,0.0,0.0,1,0,0.0,0,0,1
73900.0,0.0,0.0,0.0,0.0,2,0.0,0.0,0.0,0.0,2,0.0,0.0,0.0,0.0,2,0.0,0.0,0.0,0.0,2,0.0,0.0,0.0,0.0,2,0.659822039,0.3299110195,0.251882272,0.407939767,2,0.0,0.0,0.0,0.0,2,0,0.0,0,0,2
74200.0,0.0,0.0,0.0,0.0,5,0.0,0.0,0.0,0.0,5,0.0,0.0,0.0,0.0,5,0.0,0.0,0.0,0.0,5,0.0,0.0,0.0,0.0,5,1.872689938,0.3745379876,0.216290212,0.517453799,5,0.0,0.0,0.0,0.0,5,0,0.0,0,0,5
74600.0,200.0,66.66666666666667,0.0,200.0,3,243.0,81.0,0.0,243.0,3,1.2134551493938208,0.40448504979794025,0.0,1.2134551493938208,3,243.0,81.0,0.0,243.0,3,243.0,81.0,0.0,243.0,3,1.995893224,0.6652977413333333,0.350444901,0.824093087,3,200.0,66.66666666666667,0.0,200.0,3,1,0.3333333333333333,0,1,3
74700.0,0.0,0.0,0.0,0.0,5,0.0,0.0,0.0,0.0,5,0.0,0.0,0.0,0.0,5,0.0,0.0,0.0,0.0,5,0.0,0.0,0.0,0.0,5,2.899383983,0.5798767966,0.498288843,0.654346338,5,0.0,0.0,0.0,0.0,5,0,0.0,0,0,5
75000.0,0.0,0.0,0.0,0.0,2,0.0,0.0,0.0,0.0,2,0.0,0.0,0.0,0.0,2,0.0,0.0,0.0,0.0,2,0.0,0.0,0.0,0.0,2,0.8240930870000001,0.41204654350000003,0.350444901,0.473648186,2,0.0,0.0,0.0,0.0,2,0,0.0,0,0,2
75100.0,0.0,0.0,0.0,0.0,1,0.0,0.0,0.0,0.0,1,0.0,0.0,0.0,0.0,1,0.0,0.0,0.0,0.0,1,0.0,0.0,0.0,0.0,1,0.832306639,0.832306639,0.832306639,0.832306639,1,0.0,0.0,0.0,0.0,1,0,0.0,0,0,1
75200.0,0.0,0.0,0.0,0.0,1,0.0,0.0,0.0,0.0,1,0.0,0.0,0.0,0.0,1,0.0,0.0,0.0,0.0,1,0.0,0.0,0.0,0.0,1,0.97467488,0.97467488,0.97467488,0.97467488,1,0.0,0.0,0.0,0.0,1,0,0.0,0,0,1
75400.0,0.0,0.0,0.0,0.0,3,0.0,0.0,0.0,0.0,3,0.0,0.0,0.0,0.0,3,0.0,0.0,0.0,0.0,3,0.0,0.0,0.0,0.0,3,0.501026694,0.167008898,0.128678987,0.197125257,3,0.0,0.0,0.0,0.0,3,0,0.0,0,0,3
75500.0,0.0,0.0,0.0,0.0,1,0.0,0.0,0.0,0.0,1,0.0,0.0,0.0,0.0,1,0.0,0.0,0.0,0.0,1,0.0,0.0,0.0,0.0,1,0.788501027,0.788501027,0.788501027,0.788501027,1,0.0,0.0,0.0,0.0,1,0,0.0,0,0,1
75600.0,0.0,0.0,0.0,0.0,2,0.0,0.0,0.0,0.0,2,0.0,0.0,0.0,0.0,2,0.0,0.0,0.0,0.0,2,0.0,0.0,0.0,0.0,2,0.821355236,0.410677618,0.021902806,0.79945243,2,0.0,0.0,0.0,0.0,2,0,0.0,0,0,2
75800.0,0.0,0.0,0.0,0.0,7,0.0,0.0,0.0,0.0,7,0.0,0.0,0.0,0.0,7,0.0,0.0,0.0,0.0,7,0.0,0.0,0.0,0.0,7,3.216974676,0.4595678108571429,0.071184121,0.996577687,7,0.0,0.0,0.0,0.0,7,0,0.0,0,0,7
77100.0,0.0,0.0,0.0,0.0,1,0.0,0.0,0.0,0.0,1,0.0,0.0,0.0,0.0,1,0.0,0.0,0.0,0.0,1,0.0,0.0,0.0,0.0,1,0.503764545,0.503764545,0.503764545,0.503764545,1,0.0,0.0,0.0,0.0,1,0,0.0,0,0,1
77300.0,0.0,0.0,0.0,0.0,1,0.0,0.0,0.0,0.0,1,0.0,0.0,0.0,0.0,1,0.0,0.0,0.0,0.0,1,0.0,0.0,0.0,0.0,1,0.79945243,0.79945243,0.79945243,0.79945243,1,0.0,0.0,0.0,0.0,1,0,0.0,0,0,1
78000.0,0.0,0.0,0.0,0.0,1,0.0,0.0,0.0,0.0,1,0.0,0.0,0.0,0.0,1,0.0,0.0,0.0,0.0,1,0.0,0.0,0.0,0.0,1,0.076659822,0.076659822,0.076659822,0.076659822,1,0.0,0.0,0.0,0.0,1,0,0.0,0,0,1
78500.0,0.0,0.0,0.0,0.0,1,0.0,0.0,0.0,0.0,1,0.0,0.0,0.0,0.0,1,0.0,0.0,0.0,0.0,1,0.0,0.0,0.0,0.0,1,0.117727584,0.117727584,0.117727584,0.117727584,1,0.0,0.0,0.0,0.0,1,0,0.0,0,0,1
78900.0,0.0,0.0,0.0,0.0,1,0.0,0.0,0.0,0.0,1,0.0,0.0,0.0,0.0,1,0.0,0.0,0.0,0.0,1,0.0,0.0,0.0,0.0,1,0.646132786,0.646132786,0.646132786,0.646132786,1,0.0,0.0,0.0,0.0,1,0,0.0,0,0,1
79100.0,0.0,0.0,0.0,0.0,1,0.0,0.0,0.0,0.0,1,0.0,0.0,0.0,0.0,1,0.0,0.0,0.0,0.0,1,0.0,0.0,0.0,0.0,1,0.985626283,0.985626283,0.985626283,0.985626283,1,0.0,0.0,0.0,0.0,1,0,0.0,0,0,1
79600.0,0.0,0.0,0.0,0.0,1,0.0,0.0,0.0,0.0,1,0.0,0.0,0.0,0.0,1,0.0,0.0,0.0,0.0,1,0.0,0.0,0.0,0.0,1,0.561259411,0.561259411,0.561259411,0.561259411,1,0.0,0.0,0.0,0.0,1,0,0.0,0,0,1
79900.0,0.0,0.0,0.0,0.0,1,0.0,0.0,0.0,0.0,1,0.0,0.0,0.0,0.0,1,0.0,0.0,0.0,0.0,1,0.0,0.0,0.0,0.0,1,0.336755647,0.336755647,0.336755647,0.336755647,1,0.0,0.0,0.0,0.0,1,0,0.0,0,0,1
79950.0,0.0,0.0,0.0,0.0,2,0.0,0.0,0.0,0.0,2,0.0,0.0,0.0,0.0,2,0.0,0.0,0.0,0.0,2,0.0,0.0,0.0,0.0,2,1.9137577000000001,0.9568788500000001,0.914442163,0.999315537,2,0.0,0.0,0.0,0.0,2,0,0.0,0,0,2
80200.0,0.0,0.0,0.0,0.0,1,0.0,0.0,0.0,0.0,1,0.0,0.0,0.0,0.0,1,0.0,0.0,0.0,0.0,1,0.0,0.0,0.0,0.0,1,0.101300479,0.101300479,0.101300479,0.101300479,1,0.0,0.0,0.0,0.0,1,0,0.0,0,0,1
80900.0,0.0,0.0,0.0,0.0,2,0.0,0.0,0.0,0.0,2,0.0,0.0,0.0,0.0,2,0.0,0.0,0.0,0.0,2,0.0,0.0,0.0,0.0,2,0.722792608,0.361396304,0.13963039,0.583162218,2,0.0,0.0,0.0,0.0,2,0,0.0,0,0,2
81000.0,0.0,0.0,0.0,0.0,1,0.0,0.0,0.0,0.0,1,0.0,0.0,0.0,0.0,1,0.0,0.0,0.0,0.0,1,0.0,0.0,0.0,0.0,1,0.999315537,0.999315537,0.999315537,0.999315537,1,0.0,0.0,0.0,0.0,1,0,0.0,0,0,1
81199.99999999999,0.0,0.0,0.0,0.0,2,0.0,0.0,0.0,0.0,2,0.0,0.0,0.0,0.0,2,0.0,0.0,0.0,0.0,2,0.0,0.0,0.0,0.0,2,0.6817248469999999,0.34086242349999996,0.314852841,0.366872006,2,0.0,0.0,0.0,0.0,2,0,0.0,0,0,2
81400.0,0.0,0.0,0.0,0.0,1,0.0,0.0,0.0,0.0,1,0.0,0.0,0.0,0.0,1,0.0,0.0,0.0,0.0,1,0.0,0.0,0.0,0.0,1,0.531143053,0.531143053,0.531143053,0.531143053,1,0.0,0.0,0.0,0.0,1,0,0.0,0,0,1
81900.0,0.0,0.0,0.0,0.0,1,0.0,0.0,0.0,0.0,1,0.0,0.0,0.0,0.0,1,0.0,0.0,0.0,0.0,1,0.0,0.0,0.0,0.0,1,0.112251882,0.112251882,0.112251882,0.112251882,1,0.0,0.0,0.0,0.0,1,0,0.0,0,0,1
82400.0,0.0,0.0,0.0,0.0,3,0.0,0.0,0.0,0.0,3,0.0,0.0,0.0,0.0,3,0.0,0.0,0.0,0.0,3,0.0,0.0,0.0,0.0,3,1.730321698,0.5767738993333333,0.254620123,0.917180014,3,0.0,0.0,0.0,0.0,3,0,0.0,0,0,3
82600.0,443.0,110.75,0.0,443.0,4,2101.0,525.25,0.0,2101.0,4,4.7435064959629525,1.1858766239907381,0.0,4.7435064959629525,4,2101.0,525.25,0.0,2101.0,4,2101.0,525.25,0.0,2101.0,4,2.160164271,0.54004106775,0.394250513,0.747433265,4,885.9099989,221.477499725,0.0,885.9099989,4,2,0.5,0,2,4
82700.0,0.0,0.0,0.0,0.0,1,0.0,0.0,0.0,0.0,1,0.0,0.0,0.0,0.0,1,0.0,0.0,0.0,0.0,1,0.0,0.0,0.0,0.0,1,0.013689254,0.013689254,0.013689254,0.013689254,1,0.0,0.0,0.0,0.0,1,0,0.0,0,0,1
83400.0,0.0,0.0,0.0,0.0,1,0.0,0.0,0.0,0.0,1,0.0,0.0,0.0,0.0,1,0.0,0.0,0.0,0.0,1,0.0,0.0,0.0,0.0,1,0.169746749,0.169746749,0.169746749,0.169746749,1,0.0,0.0,0.0,0.0,1,0,0.0,0,0,1
83600.0,0.0,0.0,0.0,0.0,3,0.0,0.0,0.0,0.0,3,0.0,0.0,0.0,0.0,3,0.0,0.0,0.0,0.0,3,0.0,0.0,0.0,0.0,3,1.412731006,0.4709103353333333,0.219028063,0.632443532,3,0.0,0.0,0.0,0.0,3,0,0.0,0,0,3
83699.99999999999,0.0,0.0,0.0,0.0,1,0.0,0.0,0.0,0.0,1,0.0,0.0,0.0,0.0,1,0.0,0.0,0.0,0.0,1,0.0,0.0,0.0,0.0,1,0.38329911,0.38329911,0.38329911,0.38329911,1,0.0,0.0,0.0,0.0,1,0,0.0,0,0,1
83800.00000000001,0.0,0.0,0.0,0.0,2,0.0,0.0,0.0,0.0,2,0.0,0.0,0.0,0.0,2,0.0,0.0,0.0,0.0,2,0.0,0.0,0.0,0.0,2,1.013004791,0.5065023955,0.024640657,0.988364134,2,0.0,0.0,0.0,0.0,2,0,0.0,0,0,2
83900.0,0.0,0.0,0.0,0.0,1,0.0,0.0,0.0,0.0,1,0.0,0.0,0.0,0.0,1,0.0,0.0,0.0,0.0,1,0.0,0.0,0.0,0.0,1,0.692676249,0.692676249,0.692676249,0.692676249,1,0.0,0.0,0.0,0.0,1,0,0.0,0,0,1
84200.0,0.0,0.0,0.0,0.0,3,0.0,0.0,0.0,0.0,3,0.0,0.0,0.0,0.0,3,0.0,0.0,0.0,0.0,3,0.0,0.0,0.0,0.0,3,1.63723477,0.5457449233333334,0.177960301,0.999315537,3,0.0,0.0,0.0,0.0,3,0,0.0,0,0,3
84300.0,0.0,0.0,0.0,0.0,1,0.0,0.0,0.0,0.0,1,0.0,0.0,0.0,0.0,1,0.0,0.0,0.0,0.0,1,0.0,0.0,0.0,0.0,1,0.52019165,0.52019165,0.52019165,0.52019165,1,0.0,0.0,0.0,0.0,1,0,0.0,0,0,1
84500.0,0.0,0.0,0.0,0.0,3,0.0,0.0,0.0,0.0,3,0.0,0.0,0.0,0.0,3,0.0,0.0,0.0,0.0,3,0.0,0.0,0.0,0.0,3,2.1081451060000003,0.7027150353333335,0.314852841,0.960985626,3,0.0,0.0,0.0,0.0,3,0,0.0,0,0,3
84700.0,0.0,0.0,0.0,0.0,1,0.0,0.0,0.0,0.0,1,0.0,0.0,0.0,0.0,1,0.0,0.0,0.0,0.0,1,0.0,0.0,0.0,0.0,1,0.054757016,0.054757016,0.054757016,0.054757016,1,0.0,0.0,0.0,0.0,1,0,0.0,0,0,1
85000.0,0.0,0.0,0.0,0.0,1,0.0,0.0,0.0,0.0,1,0.0,0.0,0.0,0.0,1,0.0,0.0,0.0,0.0,1,0.0,0.0,0.0,0.0,1,0.167008898,0.167008898,0.167008898,0.167008898,1,0.0,0.0,0.0,0.0,1,0,0.0,0,0,1
85399.99999999999,0.0,0.0,0.0,0.0,1,0.0,0.0,0.0,0.0,1,0.0,0.0,0.0,0.0,1,0.0,0.0,0.0,0.0,1,0.0,0.0,0.0,0.0,1,0.030116359,0.030116359,0.030116359,0.030116359,1,0.0,0.0,0.0,0.0,1,0,0.0,0,0,1
85600.0,0.0,0.0,0.0,0.0,1,0.0,0.0,0.0,0.0,1,0.0,0.0,0.0,0.0,1,0.0,0.0,0.0,0.0,1,0.0,0.0,0.0,0.0,1,0.5229295,0.5229295,0.5229295,0.5229295,1,0.0,0.0,0.0,0.0,1,0,0.0,0,0,1
85900.0,0.0,0.0,0.0,0.0,1,0.0,0.0,0.0,0.0,1,0.0,0.0,0.0,0.0,1,0.0,0.0,0.0,0.0,1,0.0,0.0,0.0,0.0,1,0.355920602,0.355920602,0.355920602,0.355920602,1,0.0,0.0,0.0,0.0,1,0,0.0,0,0,1
86700.0,0.0,0.0,0.0,0.0,2,0.0,0.0,0.0,0.0,2,0.0,0.0,0.0,0.0,2,0.0,0.0,0.0,0.0,2,0.0,0.0,0.0,0.0,2,0.832306639,0.4161533195,0.251882272,0.580424367,2,0.0,0.0,0.0,0.0,2,0,0.0,0,0,2
86800.0,0.0,0.0,0.0,0.0,2,0.0,0.0,0.0,0.0,2,0.0,0.0,0.0,0.0,2,0.0,0.0,0.0,0.0,2,0.0,0.0,0.0,0.0,2,0.9363449699999999,0.46817248499999997,0.405201917,0.531143053,2,0.0,0.0,0.0,0.0,2,0,0.0,0,0,2
86900.0,0.0,0.0,0.0,0.0,1,0.0,0.0,0.0,0.0,1,0.0,0.0,0.0,0.0,1,0.0,0.0,0.0,0.0,1,0.0,0.0,0.0,0.0,1,0.807665982,0.807665982,0.807665982,0.807665982,1,0.0,0.0,0.0,0.0,1,0,0.0,0,0,1
87300.0,0.0,0.0,0.0,0.0,1,0.0,0.0,0.0,0.0,1,0.0,0.0,0.0,0.0,1,0.0,0.0,0.0,0.0,1,0.0,0.0,0.0,0.0,1,0.240930869,0.240930869,0.240930869,0.240930869,1,0.0,0.0,0.0,0.0,1,0,0.0,0,0,1
87400.0,548.0,548.0,548.0,548.0,1,770.0,770.0,770.0,770.0,1,1.40480769162555,1.40480769162555,1.40480769162555,1.40480769162555,1,770.0,770.0,770.0,770.0,1,770.0,770.0,770.0,770.0,1,0.711841205,0.711841205,0.711841205,0.711841205,1,548.2199993,548.2199993,548.2199993,548.2199993,1,1,1.0,1,1,1
87500.0,0.0,0.0,0.0,0.0,1,0.0,0.0,0.0,0.0,1,0.0,0.0,0.0,0.0,1,0.0,0.0,0.0,0.0,1,0.0,0.0,0.0,0.0,1,0.073921971,0.073921971,0.073921971,0.073921971,1,0.0,0.0,0.0,0.0,1,0,0.0,0,0,1
87700.0,0.0,0.0,0.0,0.0,2,0.0,0.0,0.0,0.0,2,0.0,0.0,0.0,0.0,2,0.0,0.0,0.0,0.0,2,0.0,0.0,0.0,0.0,2,1.026694046,0.513347023,0.468172485,0.558521561,2,0.0,0.0,0.0,0.0,2,0,0.0,0,0,2
87899.99999999999,0.0,0.0,0.0,0.0,2,0.0,0.0,0.0,0.0,2,0.0,0.0,0.0,0.0,2,0.0,0.0,0.0,0.0,2,0.0,0.0,0.0,0.0,2,0.46543463399999996,0.23271731699999998,0.090349076,0.375085558,2,0.0,0.0,0.0,0.0,2,0,0.0,0,0,2
88500.0,0.0,0.0,0.0,0.0,2,0.0,0.0,0.0,0.0,2,0.0,0.0,0.0,0.0,2,0.0,0.0,0.0,0.0,2,0.0,0.0,0.0,0.0,2,1.147159479,0.5735797395,0.251882272,0.895277207,2,0.0,0.0,0.0,0.0,2,0,0.0,0,0,2
88699.99999999999,0.0,0.0,0.0,0.0,1,0.0,0.0,0.0,0.0,1,0.0,0.0,0.0,0.0,1,0.0,0.0,0.0,0.0,1,0.0,0.0,0.0,0.0,1,0.703627652,0.703627652,0.703627652,0.703627652,1,0.0,0.0,0.0,0.0,1,0,0.0,0,0,1
88900.0,0.0,0.0,0.0,0.0,1,0.0,0.0,0.0,0.0,1,0.0,0.0,0.0,0.0,1,0.0,0.0,0.0,0.0,1,0.0,0.0,0.0,0.0,1,0.755646817,0.755646817,0.755646817,0.755646817,1,0.0,0.0,0.0,0.0,1,0,0.0,0,0,1
89300.0,200.0,200.0,200.0,200.0,1,284.0,284.0,284.0,284.0,1,1.4212062262726424,1.4212062262726424,1.4212062262726424,1.4212062262726424,1,284.0,284.0,284.0,284.0,1,284.0,284.0,284.0,284.0,1,0.703627652,0.703627652,0.703627652,0.703627652,1,200.0,200.0,200.0,200.0,1,1,1.0,1,1,1
90000.0,0.0,0.0,0.0,0.0,1,0.0,0.0,0.0,0.0,1,0.0,0.0,0.0,0.0,1,0.0,0.0,0.0,0.0,1,0.0,0.0,0.0,0.0,1,0.457221081,0.457221081,0.457221081,0.457221081,1,0.0,0.0,0.0,0.0,1,0,0.0,0,0,1
90200.0,0.0,0.0,0.0,0.0,1,0.0,0.0,0.0,0.0,1,0.0,0.0,0.0,0.0,1,0.0,0.0,0.0,0.0,1,0.0,0.0,0.0,0.0,1,0.925393566,0.925393566,0.925393566,0.925393566,1,0.0,0.0,0.0,0.0,1,0,0.0,0,0,1
90500.0,0.0,0.0,0.0,0.0,2,0.0,0.0,0.0,0.0,2,0.0,0.0,0.0,0.0,2,0.0,0.0,0.0,0.0,2,0.0,0.0,0.0,0.0,2,0.35865845300000004,0.17932922650000002,0.065708419,0.292950034,2,0.0,0.0,0.0,0.0,2,0,0.0,0,0,2
90900.0,0.0,0.0,0.0,0.0,1,0.0,0.0,0.0,0.0,1,0.0,0.0,0.0,0.0,1,0.0,0.0,0.0,0.0,1,0.0,0.0,0.0,0.0,1,0.292950034,0.292950034,0.292950034,0.292950034,1,0.0,0.0,0.0,0.0,1,0,0.0,0,0,1
91300.0,0.0,0.0,0.0,0.0,1,0.0,0.0,0.0,0.0,1,0.0,0.0,0.0,0.0,1,0.0,0.0,0.0,0.0,1,0.0,0.0,0.0,0.0,1,0.563997262,0.563997262,0.563997262,0.563997262,1,0.0,0.0,0.0,0.0,1,0,0.0,0,0,1
91600.0,0.0,0.0,0.0,0.0,3,0.0,0.0,0.0,0.0,3,0.0,0.0,0.0,0.0,3,0.0,0.0,0.0,0.0,3,0.0,0.0,0.0,0.0,3,2.042436687,0.6808122289999999,0.673511294,0.692676249,3,0.0,0.0,0.0,0.0,3,0,0.0,0,0,3
92300.0,0.0,0.0,0.0,0.0,1,0.0,0.0,0.0,0.0,1,0.0,0.0,0.0,0.0,1,0.0,0.0,0.0,0.0,1,0.0,0.0,0.0,0.0,1,0.213552361,0.213552361,0.213552361,0.213552361,1,0.0,0.0,0.0,0.0,1,0,0.0,0,0,1
92800.0,0.0,0.0,0.0,0.0,1,0.0,0.0,0.0,0.0,1,0.0,0.0,0.0,0.0,1,0.0,0.0,0.0,0.0,1,0.0,0.0,0.0,0.0,1,0.421629021,0.421629021,0.421629021,0.421629021,1,0.0,0.0,0.0,0.0,1,0,0.0,0,0,1
92900.0,0.0,0.0,0.0,0.0,1,0.0,0.0,0.0,0.0,1,0.0,0.0,0.0,0.0,1,0.0,0.0,0.0,0.0,1,0.0,0.0,0.0,0.0,1,0.041067762,0.041067762,0.041067762,0.041067762,1,0.0,0.0,0.0,0.0,1,0,0.0,0,0,1
94300.0,0.0,0.0,0.0,0.0,3,0.0,0.0,0.0,0.0,3,0.0,0.0,0.0,0.0,3,0.0,0.0,0.0,0.0,3,0.0,0.0,0.0,0.0,3,1.388090349,0.462696783,0.251882272,0.837782341,3,0.0,0.0,0.0,0.0,3,0,0.0,0,0,3
94500.0,0.0,0.0,0.0,0.0,1,0.0,0.0,0.0,0.0,1,0.0,0.0,0.0,0.0,1,0.0,0.0,0.0,0.0,1,0.0,0.0,0.0,0.0,1,0.194387406,0.194387406,0.194387406,0.194387406,1,0.0,0.0,0.0,0.0,1,0,0.0,0,0,1
95000.0,3614.0,3614.0,3614.0,3614.0,1,3826.0,3826.0,3826.0,3826.0,1,1.0586956516813897,1.0586956516813897,1.0586956516813897,1.0586956516813897,1,3826.0,3826.0,3826.0,3826.0,1,3826.0,3826.0,3826.0,3826.0,1,0.944558522,0.944558522,0.944558522,0.944558522,1,3613.649994,3613.649994,3613.649994,3613.649994,1,1,1.0,1,1,1
95600.0,0.0,0.0,0.0,0.0,1,0.0,0.0,0.0,0.0,1,0.0,0.0,0.0,0.0,1,0.0,0.0,0.0,0.0,1,0.0,0.0,0.0,0.0,1,0.424366872,0.424366872,0.424366872,0.424366872,1,0.0,0.0,0.0,0.0,1,0,0.0,0,0,1
96500.0,0.0,0.0,0.0,0.0,1,0.0,0.0,0.0,0.0,1,0.0,0.0,0.0,0.0,1,0.0,0.0,0.0,0.0,1,0.0,0.0,0.0,0.0,1,0.41889117,0.41889117,0.41889117,0.41889117,1,0.0,0.0,0.0,0.0,1,0,0.0,0,0,1
96600.0,0.0,0.0,0.0,0.0,1,0.0,0.0,0.0,0.0,1,0.0,0.0,0.0,0.0,1,0.0,0.0,0.0,0.0,1,0.0,0.0,0.0,0.0,1,0.076659822,0.076659822,0.076659822,0.076659822,1,0.0,0.0,0.0,0.0,1,0,0.0,0,0,1
98000.0,0.0,0.0,0.0,0.0,2,0.0,0.0,0.0,0.0,2,0.0,0.0,0.0,0.0,2,0.0,0.0,0.0,0.0,2,0.0,0.0,0.0,0.0,2,0.109514032,0.054757016,0.013689254,0.095824778,2,0.0,0.0,0.0,0.0,2,0,0.0,0,0,2
99500.0,0.0,0.0,0.0,0.0,1,0.0,0.0,0.0,0.0,1,0.0,0.0,0.0,0.0,1,0.0,0.0,0.0,0.0,1,0.0,0.0,0.0,0.0,1,0.473648186,0.473648186,0.473648186,0.473648186,1,0.0,0.0,0.0,0.0,1,0,0.0,0,0,1
99700.0,0.0,0.0,0.0,0.0,2,0.0,0.0,0.0,0.0,2,0.0,0.0,0.0,0.0,2,0.0,0.0,0.0,0.0,2,0.0,0.0,0.0,0.0,2,1.240246407,0.6201232035,0.323066393,0.917180014,2,0.0,0.0,0.0,0.0,2,0,0.0,0,0,2
100000.0,0.0,0.0,0.0,0.0,1,0.0,0.0,0.0,0.0,1,0.0,0.0,0.0,0.0,1,0.0,0.0,0.0,0.0,1,0.0,0.0,0.0,0.0,1,0.481861739,0.481861739,0.481861739,0.481861739,1,0.0,0.0,0.0,0.0,1,0,0.0,0,0,1
100700.0,0.0,0.0,0.0,0.0,1,0.0,0.0,0.0,0.0,1,0.0,0.0,0.0,0.0,1,0.0,0.0,0.0,0.0,1,0.0,0.0,0.0,0.0,1,0.62422998,0.62422998,0.62422998,0.62422998,1,0.0,0.0,0.0,0.0,1,0,0.0,0,0,1
101100.0,0.0,0.0,0.0,0.0,2,0.0,0.0,0.0,0.0,2,0.0,0.0,0.0,0.0,2,0.0,0.0,0.0,0.0,2,0.0,0.0,0.0,0.0,2,0.41889117,0.209445585,0.073921971,0.344969199,2,0.0,0.0,0.0,0.0,2,0,0.0,0,0,2
101300.0,0.0,0.0,0.0,0.0,1,0.0,0.0,0.0,0.0,1,0.0,0.0,0.0,0.0,1,0.0,0.0,0.0,0.0,1,0.0,0.0,0.0,0.0,1,0.008213552,0.008213552,0.008213552,0.008213552,1,0.0,0.0,0.0,0.0,1,0,0.0,0,0,1
101900.0,0.0,0.0,0.0,0.0,2,0.0,0.0,0.0,0.0,2,0.0,0.0,0.0,0.0,2,0.0,0.0,0.0,0.0,2,0.0,0.0,0.0,0.0,2,0.336755647,0.1683778235,0.164271047,0.1724846,2,0.0,0.0,0.0,0.0,2,0,0.0,0,0,2
102100.0,0.0,0.0,0.0,0.0,1,0.0,0.0,0.0,0.0,1,0.0,0.0,0.0,0.0,1,0.0,0.0,0.0,0.0,1,0.0,0.0,0.0,0.0,1,0.900752909,0.900752909,0.900752909,0.900752909,1,0.0,0.0,0.0,0.0,1,0,0.0,0,0,1
102500.0,0.0,0.0,0.0,0.0,1,0.0,0.0,0.0,0.0,1,0.0,0.0,0.0,0.0,1,0.0,0.0,0.0,0.0,1,0.0,0.0,0.0,0.0,1,0.752908967,0.752908967,0.752908967,0.752908967,1,0.0,0.0,0.0,0.0,1,0,0.0,0,0,1
103600.0,0.0,0.0,0.0,0.0,1,0.0,0.0,0.0,0.0,1,0.0,0.0,0.0,0.0,1,0.0,0.0,0.0,0.0,1,0.0,0.0,0.0,0.0,1,0.922655715,0.922655715,0.922655715,0.922655715,1,0.0,0.0,0.0,0.0,1,0,0.0,0,0,1
104100.0,0.0,0.0,0.0,0.0,2,0.0,0.0,0.0,0.0,2,0.0,0.0,0.0,0.0,2,0.0,0.0,0.0,0.0,2,0.0,0.0,0.0,0.0,2,0.06844627,0.034223135,0.016427105,0.052019165,2,0.0,0.0,0.0,0.0,2,0,0.0,0,0,2
104600.0,0.0,0.0,0.0,0.0,1,0.0,0.0,0.0,0.0,1,0.0,0.0,0.0,0.0,1,0.0,0.0,0.0,0.0,1,0.0,0.0,0.0,0.0,1,0.057494867,0.057494867,0.057494867,0.057494867,1,0.0,0.0,0.0,0.0,1,0,0.0,0,0,1
106900.0,0.0,0.0,0.0,0.0,1,0.0,0.0,0.0,0.0,1,0.0,0.0,0.0,0.0,1,0.0,0.0,0.0,0.0,1,0.0,0.0,0.0,0.0,1,0.339493498,0.339493498,0.339493498,0.339493498,1,0.0,0.0,0.0,0.0,1,0,0.0,0,0,1
107000.0,0.0,0.0,0.0,0.0,2,0.0,0.0,0.0,0.0,2,0.0,0.0,0.0,0.0,2,0.0,0.0,0.0,0.0,2,0.0,0.0,0.0,0.0,2,1.065023956,0.532511978,0.320328542,0.744695414,2,0.0,0.0,0.0,0.0,2,0,0.0,0,0,2
109000.0,2260.0,1130.0,0.0,2260.0,2,4943.0,2471.5,0.0,4943.0,2,2.1871257506606527,1.0935628753303264,0.0,2.1871257506606527,2,4943.0,2471.5,0.0,4943.0,2,4943.0,2471.5,0.0,4943.0,2,0.97467488,0.48733744,0.457221081,0.517453799,2,2259.549995,1129.7749975,0.0,2259.549995,2,1,0.5,0,1,2
110000.0,0.0,0.0,0.0,0.0,3,0.0,0.0,0.0,0.0,3,0.0,0.0,0.0,0.0,3,0.0,0.0,0.0,0.0,3,0.0,0.0,0.0,0.0,3,0.733744011,0.24458133699999998,0.049281314,0.55578371,3,0.0,0.0,0.0,0.0,3,0,0.0,0,0,3
110600.0,0.0,0.0,0.0,0.0,1,0.0,0.0,0.0,0.0,1,0.0,0.0,0.0,0.0,1,0.0,0.0,0.0,0.0,1,0.0,0.0,0.0,0.0,1,0.804928131,0.804928131,0.804928131,0.804928131,1,0.0,0.0,0.0,0.0,1,0,0.0,0,0,1
111000.0,0.0,0.0,0.0,0.0,1,0.0,0.0,0.0,0.0,1,0.0,0.0,0.0,0.0,1,0.0,0.0,0.0,0.0,1,0.0,0.0,0.0,0.0,1,0.002737851,0.002737851,0.002737851,0.002737851,1,0.0,0.0,0.0,0.0,1,0,0.0,0,0,1
112400.0,0.0,0.0,0.0,0.0,1,0.0,0.0,0.0,0.0,1,0.0,0.0,0.0,0.0,1,0.0,0.0,0.0,0.0,1,0.0,0.0,0.0,0.0,1,0.514715948,0.514715948,0.514715948,0.514715948,1,0.0,0.0,0.0,0.0,1,0,0.0,0,0,1
114000.0,0.0,0.0,0.0,0.0,1,0.0,0.0,0.0,0.0,1,0.0,0.0,0.0,0.0,1,0.0,0.0,0.0,0.0,1,0.0,0.0,0.0,0.0,1,0.610540726,0.610540726,0.610540726,0.610540726,1,0.0,0.0,0.0,0.0,1,0,0.0,0,0,1
114900.0,0.0,0.0,0.0,0.0,2,0.0,0.0,0.0,0.0,2,0.0,0.0,0.0,0.0,2,0.0,0.0,0.0,0.0,2,0.0,0.0,0.0,0.0,2,1.524982888,0.762491444,0.692676249,0.832306639,2,0.0,0.0,0.0,0.0,2,0,0.0,0,0,2
115000.0,0.0,0.0,0.0,0.0,3,0.0,0.0,0.0,0.0,3,0.0,0.0,0.0,0.0,3,0.0,0.0,0.0,0.0,3,0.0,0.0,0.0,0.0,3,1.850787132,0.616929044,0.216290212,0.999315537,3,0.0,0.0,0.0,0.0,3,0,0.0,0,0,3
115200.0,0.0,0.0,0.0,0.0,1,0.0,0.0,0.0,0.0,1,0.0,0.0,0.0,0.0,1,0.0,0.0,0.0,0.0,1,0.0,0.0,0.0,0.0,1,0.928131417,0.928131417,0.928131417,0.928131417,1,0.0,0.0,0.0,0.0,1,0,0.0,0,0,1
115300.0,0.0,0.0,0.0,0.0,1,0.0,0.0,0.0,0.0,1,0.0,0.0,0.0,0.0,1,0.0,0.0,0.0,0.0,1,0.0,0.0,0.0,0.0,1,0.443531828,0.443531828,0.443531828,0.443531828,1,0.0,0.0,0.0,0.0,1,0,0.0,0,0,1
115400.0,10424.0,10424.0,10424.0,10424.0,1,11004.0,11004.0,11004.0,11004.0,1,1.0556358385377622,1.0556358385377622,1.0556358385377622,1.0556358385377622,1,11004.0,11004.0,11004.0,11004.0,1,11004.0,11004.0,11004.0,11004.0,1,0.947296372,0.947296372,0.947296372,0.947296372,1,10423.53,10423.53,10423.53,10423.53,1,1,1.0,1,1,1
116000.0,0.0,0.0,0.0,0.0,1,0.0,0.0,0.0,0.0,1,0.0,0.0,0.0,0.0,1,0.0,0.0,0.0,0.0,1,0.0,0.0,0.0,0.0,1,0.610540726,0.610540726,0.610540726,0.610540726,1,0.0,0.0,0.0,0.0,1,0,0.0,0,0,1
118100.0,0.0,0.0,0.0,0.0,1,0.0,0.0,0.0,0.0,1,0.0,0.0,0.0,0.0,1,0.0,0.0,0.0,0.0,1,0.0,0.0,0.0,0.0,1,0.396988364,0.396988364,0.396988364,0.396988364,1,0.0,0.0,0.0,0.0,1,0,0.0,0,0,1
118400.0,0.0,0.0,0.0,0.0,1,0.0,0.0,0.0,0.0,1,0.0,0.0,0.0,0.0,1,0.0,0.0,0.0,0.0,1,0.0,0.0,0.0,0.0,1,0.364134155,0.364134155,0.364134155,0.364134155,1,0.0,0.0,0.0,0.0,1,0,0.0,0,0,1
119000.0,0.0,0.0,0.0,0.0,1,0.0,0.0,0.0,0.0,1,0.0,0.0,0.0,0.0,1,0.0,0.0,0.0,0.0,1,0.0,0.0,0.0,0.0,1,0.454483231,0.454483231,0.454483231,0.454483231,1,0.0,0.0,0.0,0.0,1,0,0.0,0,0,1
120000.0,0.0,0.0,0.0,0.0,2,0.0,0.0,0.0,0.0,2,0.0,0.0,0.0,0.0,2,0.0,0.0,0.0,0.0,2,0.0,0.0,0.0,0.0,2,0.11498973300000001,0.057494866500000005,0.038329911,0.076659822,2,0.0,0.0,0.0,0.0,2,0,0.0,0,0,2
120900.0,0.0,0.0,0.0,0.0,1,0.0,0.0,0.0,0.0,1,0.0,0.0,0.0,0.0,1,0.0,0.0,0.0,0.0,1,0.0,0.0,0.0,0.0,1,0.402464066,0.402464066,0.402464066,0.402464066,1,0.0,0.0,0.0,0.0,1,0,0.0,0,0,1
121600.0,0.0,0.0,0.0,0.0,1,0.0,0.0,0.0,0.0,1,0.0,0.0,0.0,0.0,1,0.0,0.0,0.0,0.0,1,0.0,0.0,0.0,0.0,1,0.117727584,0.117727584,0.117727584,0.117727584,1,0.0,0.0,0.0,0.0,1,0,0.0,0,0,1
121900.0,0.0,0.0,0.0,0.0,1,0.0,0.0,0.0,0.0,1,0.0,0.0,0.0,0.0,1,0.0,0.0,0.0,0.0,1,0.0,0.0,0.0,0.0,1,0.5229295,0.5229295,0.5229295,0.5229295,1,0.0,0.0,0.0,0.0,1,0,0.0,0,0,1
122400.0,0.0,0.0,0.0,0.0,1,0.0,0.0,0.0,0.0,1,0.0,0.0,0.0,0.0,1,0.0,0.0,0.0,0.0,1,0.0,0.0,0.0,0.0,1,0.648870637,0.648870637,0.648870637,0.648870637,1,0.0,0.0,0.0,0.0,1,0,0.0,0,0,1
124000.0,0.0,0.0,0.0,0.0,1,0.0,0.0,0.0,0.0,1,0.0,0.0,0.0,0.0,1,0.0,0.0,0.0,0.0,1,0.0,0.0,0.0,0.0,1,0.071184121,0.071184121,0.071184121,0.071184121,1,0.0,0.0,0.0,0.0,1,0,0.0,0,0,1
124700.0,0.0,0.0,0.0,0.0,1,0.0,0.0,0.0,0.0,1,0.0,0.0,0.0,0.0,1,0.0,0.0,0.0,0.0,1,0.0,0.0,0.0,0.0,1,0.73100616,0.73100616,0.73100616,0.73100616,1,0.0,0.0,0.0,0.0,1,0,0.0,0,0,1
126500.0,0.0,0.0,0.0,0.0,1,0.0,0.0,0.0,0.0,1,0.0,0.0,0.0,0.0,1,0.0,0.0,0.0,0.0,1,0.0,0.0,0.0,0.0,1,0.205338809,0.205338809,0.205338809,0.205338809,1,0.0,0.0,0.0,0.0,1,0,0.0,0,0,1
128900.0,0.0,0.0,0.0,0.0,1,0.0,0.0,0.0,0.0,1,0.0,0.0,0.0,0.0,1,0.0,0.0,0.0,0.0,1,0.0,0.0,0.0,0.0,1,0.339493498,0.339493498,0.339493498,0.339493498,1,0.0,0.0,0.0,0.0,1,0,0.0,0,0,1
129900.0,0.0,0.0,0.0,0.0,1,0.0,0.0,0.0,0.0,1,0.0,0.0,0.0,0.0,1,0.0,0.0,0.0,0.0,1,0.0,0.0,0.0,0.0,1,0.344969199,0.344969199,0.344969199,0.344969199,1,0.0,0.0,0.0,0.0,1,0,0.0,0,0,1
131600.0,0.0,0.0,0.0,0.0,1,0.0,0.0,0.0,0.0,1,0.0,0.0,0.0,0.0,1,0.0,0.0,0.0,0.0,1,0.0,0.0,0.0,0.0,1,0.596851472,0.596851472,0.596851472,0.596851472,1,0.0,0.0,0.0,0.0,1,0,0.0,0,0,1
133700.0,0.0,0.0,0.0,0.0,1,0.0,0.0,0.0,0.0,1,0.0,0.0,0.0,0.0,1,0.0,0.0,0.0,0.0,1,0.0,0.0,0.0,0.0,1,0.114989733,0.114989733,0.114989733,0.114989733,1,0.0,0.0,0.0,0.0,1,0,0.0,0,0,1
133800.0,0.0,0.0,0.0,0.0,1,0.0,0.0,0.0,0.0,1,0.0,0.0,0.0,0.0,1,0.0,0.0,0.0,0.0,1,0.0,0.0,0.0,0.0,1,0.136892539,0.136892539,0.136892539,0.136892539,1,0.0,0.0,0.0,0.0,1,0,0.0,0,0,1
135000.0,0.0,0.0,0.0,0.0,1,0.0,0.0,0.0,0.0,1,0.0,0.0,0.0,0.0,1,0.0,0.0,0.0,0.0,1,0.0,0.0,0.0,0.0,1,0.41889117,0.41889117,0.41889117,0.41889117,1,0.0,0.0,0.0,0.0,1,0,0.0,0,0,1
136100.0,0.0,0.0,0.0,0.0,1,0.0,0.0,0.0,0.0,1,0.0,0.0,0.0,0.0,1,0.0,0.0,0.0,0.0,1,0.0,0.0,0.0,0.0,1,0.585900068,0.585900068,0.585900068,0.585900068,1,0.0,0.0,0.0,0.0,1,0,0.0,0,0,1
137900.0,0.0,0.0,0.0,0.0,2,0.0,0.0,0.0,0.0,2,0.0,0.0,0.0,0.0,2,0.0,0.0,0.0,0.0,2,0.0,0.0,0.0,0.0,2,0.117727584,0.058863792,0.057494867,0.060232717,2,0.0,0.0,0.0,0.0,2,0,0.0,0,0,2
139000.0,2137.0,2137.0,2137.0,2137.0,1,9292.0,9292.0,9292.0,9292.0,1,4.34821428796604,4.34821428796604,4.34821428796604,4.34821428796604,1,9292.0,9292.0,9292.0,9292.0,1,9292.0,9292.0,9292.0,9292.0,1,0.229979466,0.229979466,0.229979466,0.229979466,1,2136.589996,2136.589996,2136.589996,2136.589996,1,1,1.0,1,1,1
141100.0,0.0,0.0,0.0,0.0,1,0.0,0.0,0.0,0.0,1,0.0,0.0,0.0,0.0,1,0.0,0.0,0.0,0.0,1,0.0,0.0,0.0,0.0,1,0.010951403,0.010951403,0.010951403,0.010951403,1,0.0,0.0,0.0,0.0,1,0,0.0,0,0,1
145800.0,0.0,0.0,0.0,0.0,2,0.0,0.0,0.0,0.0,2,0.0,0.0,0.0,0.0,2,0.0,0.0,0.0,0.0,2,0.0,0.0,0.0,0.0,2,1.809719371,0.9048596855,0.8678987,0.941820671,2,0.0,0.0,0.0,0.0,2,0,0.0,0,0,2
148000.0,0.0,0.0,0.0,0.0,1,0.0,0.0,0.0,0.0,1,0.0,0.0,0.0,0.0,1,0.0,0.0,0.0,0.0,1,0.0,0.0,0.0,0.0,1,0.528405202,0.528405202,0.528405202,0.528405202,1,0.0,0.0,0.0,0.0,1,0,0.0,0,0,1
149300.0,0.0,0.0,0.0,0.0,1,0.0,0.0,0.0,0.0,1,0.0,0.0,0.0,0.0,1,0.0,0.0,0.0,0.0,1,0.0,0.0,0.0,0.0,1,0.457221081,0.457221081,0.457221081,0.457221081,1,0.0,0.0,0.0,0.0,1,0,0.0,0,0,1
154200.0,0.0,0.0,0.0,0.0,1,0.0,0.0,0.0,0.0,1,0.0,0.0,0.0,0.0,1,0.0,0.0,0.0,0.0,1,0.0,0.0,0.0,0.0,1,0.386036961,0.386036961,0.386036961,0.386036961,1,0.0,0.0,0.0,0.0,1,0,0.0,0,0,1
159700.0,0.0,0.0,0.0,0.0,1,0.0,0.0,0.0,0.0,1,0.0,0.0,0.0,0.0,1,0.0,0.0,0.0,0.0,1,0.0,0.0,0.0,0.0,1,0.125941136,0.125941136,0.125941136,0.125941136,1,0.0,0.0,0.0,0.0,1,0,0.0,0,0,1
166900.0,0.0,0.0,0.0,0.0,1,0.0,0.0,0.0,0.0,1,0.0,0.0,0.0,0.0,1,0.0,0.0,0.0,0.0,1,0.0,0.0,0.0,0.0,1,0.889801506,0.889801506,0.889801506,0.889801506,1,0.0,0.0,0.0,0.0,1,0,0.0,0,0,1
169800.0,0.0,0.0,0.0,0.0,1,0.0,0.0,0.0,0.0,1,0.0,0.0,0.0,0.0,1,0.0,0.0,0.0,0.0,1,0.0,0.0,0.0,0.0,1,0.317590691,0.317590691,0.317590691,0.317590691,1,0.0,0.0,0.0,0.0,1,0,0.0,0,0,1
170000.0,0.0,0.0,0.0,0.0,1,0.0,0.0,0.0,0.0,1,0.0,0.0,0.0,0.0,1,0.0,0.0,0.0,0.0,1,0.0,0.0,0.0,0.0,1,0.999315537,0.999315537,0.999315537,0.999315537,1,0.0,0.0,0.0,0.0,1,0,0.0,0,0,1
173900.0,0.0,0.0,0.0,0.0,2,0.0,0.0,0.0,0.0,2,0.0,0.0,0.0,0.0,2,0.0,0.0,0.0,0.0,2,0.0,0.0,0.0,0.0,2,0.386036961,0.1930184805,0.008213552,0.377823409,2,0.0,0.0,0.0,0.0,2,0,0.0,0,0,2
177399.99999999997,0.0,0.0,0.0,0.0,1,0.0,0.0,0.0,0.0,1,0.0,0.0,0.0,0.0,1,0.0,0.0,0.0,0.0,1,0.0,0.0,0.0,0.0,1,0.503764545,0.503764545,0.503764545,0.503764545,1,0.0,0.0,0.0,0.0,1,0,0.0,0,0,1
189400.0,0.0,0.0,0.0,0.0,1,0.0,0.0,0.0,0.0,1,0.0,0.0,0.0,0.0,1,0.0,0.0,0.0,0.0,1,0.0,0.0,0.0,0.0,1,0.350444901,0.350444901,0.350444901,0.350444901,1,0.0,0.0,0.0,0.0,1,0,0.0,0,0,1
190000.0,0.0,0.0,0.0,0.0,1,0.0,0.0,0.0,0.0,1,0.0,0.0,0.0,0.0,1,0.0,0.0,0.0,0.0,1,0.0,0.0,0.0,0.0,1,0.421629021,0.421629021,0.421629021,0.421629021,1,0.0,0.0,0.0,0.0,1,0,0.0,0,0,1
206700.00000000003,0.0,0.0,0.0,0.0,1,0.0,0.0,0.0,0.0,1,0.0,0.0,0.0,0.0,1,0.0,0.0,0.0,0.0,1,0.0,0.0,0.0,0.0,1,0.481861739,0.481861739,0.481861739,0.481861739,1,0.0,0.0,0.0,0.0,1,0,0.0,0,0,1
207500.0,0.0,0.0,0.0,0.0,1,0.0,0.0,0.0,0.0,1,0.0,0.0,0.0,0.0,1,0.0,0.0,0.0,0.0,1,0.0,0.0,0.0,0.0,1,0.216290212,0.216290212,0.216290212,0.216290212,1,0.0,0.0,0.0,0.0,1,0,0.0,0,0,1
208100.0,0.0,0.0,0.0,0.0,1,0.0,0.0,0.0,0.0,1,0.0,0.0,0.0,0.0,1,0.0,0.0,0.0,0.0,1,0.0,0.0,0.0,0.0,1,0.810403833,0.810403833,0.810403833,0.810403833,1,0.0,0.0,0.0,0.0,1,0,0.0,0,0,1
226900.0,0.0,0.0,0.0,0.0,1,0.0,0.0,0.0,0.0,1,0.0,0.0,0.0,0.0,1,0.0,0.0,0.0,0.0,1,0.0,0.0,0.0,0.0,1,0.446269678,0.446269678,0.446269678,0.446269678,1,0.0,0.0,0.0,0.0,1,0,0.0,0,0,1
233900.0,0.0,0.0,0.0,0.0,1,0.0,0.0,0.0,0.0,1,0.0,0.0,0.0,0.0,1,0.0,0.0,0.0,0.0,1,0.0,0.0,0.0,0.0,1,0.101300479,0.101300479,0.101300479,0.101300479,1,0.0,0.0,0.0,0.0,1,0,0.0,0,0,1
235900.0,0.0,0.0,0.0,0.0,1,0.0,0.0,0.0,0.0,1,0.0,0.0,0.0,0.0,1,0.0,0.0,0.0,0.0,1,0.0,0.0,0.0,0.0,1,0.112251882,0.112251882,0.112251882,0.112251882,1,0.0,0.0,0.0,0.0,1,0,0.0,0,0,1
345600.0,0.0,0.0,0.0,0.0,1,0.0,0.0,0.0,0.0,1,0.0,0.0,0.0,0.0,1,0.0,0.0,0.0,0.0,1,0.0,0.0,0.0,0.0,1,0.813141684,0.813141684,0.813141684,0.813141684,1,0.0,0.0,0.0,0.0,1,0,0.0,0,0,1
